注文ID,注文日,顧客ID,顧客タイプ,商品カテゴリ,単価,数量,売上金額
K000001,2024/07/31,C0092,,Stationery,737円,4,2948
K000002,2024-05-28,C0261,法人,生活用品,1644,4,6576
K000003,2024/05/18,C0135,法人,ＯＡ用品,772,6,4632
K000004,2024-10-26,C0109,法人,生活用品,798,6,4788
K000005,2024/06/11,C0053,個人,食品飲料,657,2,1314
K000006,2024/01/08,C0396,個人,OA 用品,727円,4,2908
K000007,R6.8.30,C0181,個人,OA 用品,743,6,4458
K000008,2024-10-31,C0370,法人,Stationery,751円,3,2253
K000009,R6.7.27,,法人,Stationery,¥436,4,1744
K000010,2024/08/05,C0080,法人,ＯＡ用品,683,5,3415
K000011,2024-07-02,C0175,法人,ｵﾌｨｽ家具,2134,6,12804
K000012,2024-09-14,C0346,個人,生活 用品,¥532,5,2660
K000013,2024-12-25,C0101,法人,OA 用品,¥667,4,2668
K000014,R6.9.13,C0259,法人,ぶんぐ,422円,1,422
K000015,2024/12/28,C0011,個人,ぶんぐ,455,4,1820
K000016,R6.2.16,C0146,個人,食品・飲料,417円,3,1251
K000017,2024-02-21,C0328,個人,文具,"¥2,019",5,10095
K000018,R6.6.8,C0169,法人,OA用品,538円,2,1076
K000019,R6.8.21,,個人,食品飲料,"¥1,080",2,2160
K000020,R6.1.28,C0088,法人,Stationery,961円,4,3844
K000021,2024-08-10,C0282,,OA用品,1572円,6,9432
K000022,2024-06-05,C0294,個人,食品飲料,842,6,5052
K000023,2024-12-24,C0389,法人,文具,865,3,2595
K000024,2024/05/12,C0315,,ＯＡ用品,"¥1,382",2,2764
K000025,2024-10-29,C0326,法人,食品・飲料,"¥1,237",4,4948
K000026,R6.12.15,C0152,,文具,"¥1,008",6,6048
K000027,2024/04/15,,個人,OA 用品,¥947,6,5682
K000028,2024-10-01,C0104,個人,生活 用品,244,2,488
K000029,2024-01-06,C0377,個人,オフィス家具,492,2,984
K000030,2024/06/12,C0178,,ＯＡ用品,¥218,5,1090
K000031,2024-10-07,,個人,文具,477円,3,1431
K000032,2024-05-29,C0068,法人,OA 用品,1053円,4,4212
K000033,2024-10-20,C0181,法人,OA 用品,579円,3,1737
K000034,2024-01-07,C0038,個人,OA 用品,673,3,2019
K000035,2024/08/28,C0215,法人,ＯＡ用品,"¥1,116",1,1116
K000036,2024-08-08,,法人,生活 用品,801,5,4005
K000037,R6.5.20,C0357,法人,生活 用品,1505円,3,4515
K000038,2024/07/30,C0283,法人,Stationery,677,4,2708
K000039,2024-01-17,C0107,法人,OA 用品,¥968,6,5808
K000040,2024-02-29,C0308,個人,文具,695円,5,3475
K000041,R6.3.15,C0275,法人,OA 用品,"¥1,080",4,4320
K000042,2024-07-26,C0320,法人,OA 用品,1916円,2,3832
K000043,2024/08/09,C0245,個人,ｵﾌｨｽ家具,"¥2,672",4,10688
K000044,2024/10/27,C0073,法人,OA 用品,¥810,8,6480
K000045,2024-12-17,,法人,OA 用品,394,3,1182
K000046,R6.11.19,C0053,法人,生活用品,576,3,1728
K000047,2024/10/16,C0087,法人,OA 用品,¥582,4,2328
K000048,R6.11.17,C0325,個人,食品・飲料,588,3,1764
K000049,2024-09-24,C0354,個人,文具,628,4,2512
K000050,R6.9.18,C0283,個人,生活用品,798円,3,2394
K000051,2024-04-23,C0351,法人,ＯＡ用品,¥420,4,1680
K000052,R6.1.7,C0018,法人,OA 用品,738,6,4428
K000053,2024-09-10,C0130,個人,ｵﾌｨｽ家具,"¥1,110",5,5550
K000054,2024/03/08,C0035,個人,OA 用品,¥532,1,532
K000055,R6.4.29,C0188,個人,ＯＡ用品,¥849,2,1698
K000056,R6.3.26,C0289,法人,文具,814,3,2442
K000057,R6.3.13,C0160,法人,ぶんぐ,"¥1,233",5,6165
K000058,2024-03-09,C0324,法人,ｵﾌｨｽ家具,1011円,6,6066
K000059,2024/12/14,C0105,法人,OA 用品,¥384,1,384
K000060,2024/08/25,C0358,法人,オフィス家具,634,4,2536
K000061,2024-12-11,C0301,法人,食品・飲料,¥960,3,2880
K000062,R6.10.16,C0055,法人,ｵﾌｨｽ家具,1055,2,2110
K000063,2024/03/11,C0334,法人,ぶんぐ,¥629,2,1258
K000064,2024-05-06,C0320,個人,Stationery,887,6,5322
K000065,2024/09/20,C0391,法人,OA用品,906円,6,5436
K000066,2024/10/12,C0234,法人,ぶんぐ,¥443,5,2215
K000067,2024/12/07,C0363,個人,食品・飲料,1059,2,2118
K000068,2024/03/18,C0297,個人,食品飲料,527,4,2108
K000069,2024-04-06,C0323,個人,生活用品,1154円,2,2308
K000070,R6.4.24,C0246,法人,OA 用品,299円,3,897
K000071,2024-10-06,C0286,個人,生活用品,¥802,5,4010
K000072,2024-05-01,C0219,法人,文具,"¥1,107",7,7749
K000073,2024/11/22,C0294,法人,Stationery,567円,4,2268
K000074,R6.10.23,C0205,法人,OA 用品,915円,4,3660
K000075,2024-12-31,C0096,法人,生活 用品,1099円,1,1099
K000076,2024-06-06,C0212,個人,ＯＡ用品,381,1,381
K000077,2024/10/26,C0365,法人,文具,1986円,3,5958
K000078,2024-10-28,C0207,法人,OA 用品,1055,3,3165
K000079,R6.12.22,C0339,個人,Stationery,¥731,2,1462
K000080,2024/12/27,C0357,個人,ぶんぐ,2689,3,8067
K000081,2024-04-15,C0034,法人,文具,733円,5,3665
K000082,2024/02/27,C0363,個人,OA 用品,¥702,4,2808
K000083,2024/04/29,C0120,法人,OA用品,"¥1,062",4,4248
K000084,2024/09/17,C0129,法人,生活用品,¥801,6,4806
K000085,R6.2.2,C0025,法人,生活用品,171,3,513
K000086,2024-01-11,C0371,個人,OA用品,"¥1,956",6,11736
K000087,2024-06-18,C0052,個人,ＯＡ用品,¥491,2,982
K000088,2024-01-28,C0012,法人,生活 用品,840円,1,840
K000089,2024/12/13,C0221,法人,生活 用品,568,4,2272
K000090,2024/09/09,C0363,法人,オフィス家具,636円,1,636
K000091,2024-01-09,C0212,,生活 用品,¥371,4,1484
K000092,R6.5.17,C0340,法人,食品飲料,723円,2,1446
K000093,2024-01-11,C0258,,Stationery,¥541,1,541
K000094,2024-01-23,C0008,法人,生活 用品,225円,4,900
K000095,2024-09-22,,法人,ぶんぐ,355,3,1065
K000096,R6.6.19,C0151,個人,OA 用品,¥598,1,598
K000097,2024-04-19,C0154,法人,生活用品,"¥1,200",3,3600
K000098,2024/05/01,C0224,法人,生活 用品,¥477,3,1431
K000099,2024/05/15,C0158,法人,Stationery,"¥1,072",3,3216
K000100,2024-05-17,C0147,法人,オフィス家具,¥281,2,562
K000101,R6.2.15,C0394,個人,Stationery,"¥2,214",2,4428
K000102,2024-07-15,C0201,法人,OA 用品,772,2,1544
K000103,2024/06/18,,法人,生活用品,¥395,7,2765
K000104,2024-03-23,C0097,法人,ＯＡ用品,925円,5,4625
K000105,2024-04-03,C0216,法人,ＯＡ用品,¥848,2,1696
K000106,2024-04-15,C0265,個人,生活用品,461,3,1383
K000107,R6.3.15,C0385,法人,生活 用品,2932円,2,5864
K000108,2024-10-02,C0216,個人,生活 用品,1712円,3,5136
K000109,2024-06-21,C0342,法人,文具,438,4,1752
K000110,2024/06/15,C0342,法人,ＯＡ用品,¥775,4,3100
K000111,2024-07-22,C0073,法人,ＯＡ用品,1297,4,5188
K000112,2024-03-17,C0353,法人,ぶんぐ,1036円,6,6216
K000113,R6.11.11,C0188,個人,OA 用品,"¥1,975",5,9875
K000114,2024-10-26,C0260,法人,OA用品,"¥2,806",2,5612
K000115,R6.10.26,C0132,個人,生活 用品,"¥1,180",2,2360
K000116,2024/06/06,C0243,法人,食品飲料,¥554,5,2770
K000117,2024/09/11,C0110,個人,文具,742,2,1484
K000118,2024/03/30,C0170,個人,Stationery,¥636,4,2544
K000119,2024-11-12,C0266,個人,ｵﾌｨｽ家具,1151,4,4604
K000120,2024/01/27,C0142,法人,文具,1767円,3,5301
K000121,R6.2.8,C0205,個人,文具,631円,6,3786
K000122,2024-04-28,,法人,OA用品,¥328,3,984
K000123,2024-05-01,,法人,ぶんぐ,1303,4,5212
K000124,2024/05/21,C0106,法人,生活用品,¥674,4,2696
K000125,2024-05-13,C0148,法人,生活用品,443,4,1772
K000126,2024/03/04,C0151,法人,ぶんぐ,928,1,928
K000127,2024-03-23,C0302,個人,OA 用品,"¥1,325",1,1325
K000128,2024-05-23,C0091,個人,生活用品,866,6,5196
K000129,2024-02-23,C0022,法人,食品飲料,575円,2,1150
K000130,2024/02/17,C0004,個人,Stationery,"¥3,296",3,9888
K000131,2024/09/24,,法人,文具,¥675,4,2700
K000132,2024-08-19,C0231,個人,生活 用品,563,6,3378
K000133,2024-06-07,C0363,法人,食品飲料,¥701,2,1402
K000134,2024/11/08,C0106,法人,ぶんぐ,¥643,4,2572
K000135,2024-04-05,C0323,法人,OA用品,539円,4,2156
K000136,2024-10-09,,,生活用品,889,5,4445
K000137,2024/11/30,C0177,法人,生活 用品,¥659,2,1318
K000138,2024-04-13,C0321,個人,Stationery,918,1,918
K000139,2024-10-27,C0024,個人,オフィス家具,650,1,650
K000140,2024/06/25,C0202,法人,生活 用品,1200,4,4800
K000141,2024/09/02,C0106,法人,ＯＡ用品,376円,4,1504
K000142,2024/04/11,C0330,個人,ぶんぐ,¥775,6,4650
K000143,2024-03-26,C0026,個人,文具,734円,4,2936
K000144,2024-02-04,C0132,法人,Stationery,796,2,1592
K000145,R6.11.18,C0289,法人,生活 用品,¥730,2,1460
K000146,2024/05/19,C0328,個人,Stationery,718円,3,2154
K000147,R6.5.11,,,ぶんぐ,¥783,4,3132
K000148,R6.10.7,C0169,個人,OA用品,¥677,3,2031
K000149,2024-03-24,C0069,法人,Stationery,471,10,4710
K000150,2024-11-25,C0394,法人,ぶんぐ,¥421,4,1684
K000151,2024/02/08,C0221,法人,文具,985円,3,2955
K000152,2024-02-08,C0089,個人,OA 用品,480,3,1440
K000153,2024-10-31,,個人,ｵﾌｨｽ家具,410,2,820
K000154,2024-10-19,C0302,法人,ＯＡ用品,805,6,4830
K000155,2024/11/02,C0250,法人,ぶんぐ,502円,3,1506
K000156,2024-03-21,C0015,法人,ぶんぐ,966,4,3864
K000157,R6.5.5,C0184,個人,OA用品,¥832,3,2496
K000158,2024-01-15,C0190,法人,食品飲料,¥360,4,1440
K000159,2024/06/22,C0083,法人,食品・飲料,"¥2,532",4,10128
K000160,2024/10/28,C0079,法人,Stationery,¥733,3,2199
K000161,2024-08-14,C0348,法人,文具,¥904,4,3616
K000162,2024-04-26,C0316,個人,生活 用品,¥763,2,1526
K000163,R6.12.16,C0016,個人,食品飲料,536,4,2144
K000164,2024/06/14,C0241,個人,OA用品,3804円,5,19020
K000165,2024-02-18,C0142,法人,生活 用品,¥861,9999,8609139
K000166,2024-09-08,C0321,法人,生活 用品,326円,5,1630
K000167,2024-01-18,C0320,個人,ＯＡ用品,1268円,4,5072
K000168,2024/03/22,C0149,個人,生活用品,935円,4,3740
K000169,2024-09-20,C0331,個人,文具,449円,2,898
K000170,2024-10-27,C0223,個人,Stationery,¥768,2,1536
K000171,R6.11.21,C0050,個人,Stationery,372円,5,1860
K000172,2024/03/13,C0115,法人,文具,1139,2,2278
K000173,2024-09-21,C0208,法人,食品・飲料,¥765,3,2295
K000174,2024-12-09,C0283,,Stationery,1256円,3,3768
K000175,2024/09/04,C0178,法人,ｵﾌｨｽ家具,1008,3,3024
K000176,2024-09-24,,法人,文具,411,4,1644
K000177,2024-05-12,C0172,法人,ＯＡ用品,¥627,6,3762
K000178,2024-02-20,C0005,個人,OA用品,¥854,5,4270
K000179,R6.3.25,C0109,個人,Stationery,¥710,2,1420
K000180,2024/04/27,C0091,個人,ＯＡ用品,1095,7,7665
K000181,2024-04-03,C0252,個人,OA 用品,458,3,1374
K000182,2024-06-12,,法人,Stationery,¥925,2,1850
K000183,2024/10/10,C0379,法人,生活 用品,454円,3,1362
K000184,2024-08-06,C0219,法人,Stationery,670円,3,2010
K000185,2024/12/07,C0077,,ぶんぐ,1648,3,4944
K000186,2024-08-31,C0141,,ＯＡ用品,176円,4,704
K000187,2024-04-07,C0213,個人,ＯＡ用品,516円,3,1548
K000188,2024/11/27,C0377,個人,Stationery,"¥1,812",3,5436
K000189,2024/02/12,C0281,個人,食品飲料,451,2,902
K000190,2024-10-16,C0069,個人,生活用品,1486円,4,5944
K000191,2024-12-20,C0378,法人,Stationery,¥566,4,2264
K000192,R6.7.25,C0383,法人,ＯＡ用品,396円,4,1584
K000193,2024/01/11,C0109,法人,ぶんぐ,631,5,3155
K000194,2024/10/29,C0067,法人,ＯＡ用品,544,1,544
K000195,2024-11-13,C0106,個人,文具,¥614,4,2456
K000196,2024/08/10,C0022,法人,OA用品,1218,5,6090
K000197,2024/03/28,C0217,個人,食品・飲料,794円,5,3970
K000198,R6.2.27,,個人,ＯＡ用品,1149,2,2298
K000199,2024-02-25,C0354,法人,オフィス家具,1157円,4,4628
K000200,2024-05-12,C0398,個人,OA 用品,"¥2,443",4,9772
K000201,2024/09/03,C0257,法人,生活用品,¥569,8,4552
K000202,2024-10-30,C0069,法人,Stationery,1214,1,1214
K000203,2024/06/08,C0307,,生活 用品,921,3,2763
K000204,2024-07-05,C0225,個人,食品飲料,1211円,2,2422
K000205,2024-08-20,C0035,法人,ＯＡ用品,¥354,2,708
K000206,2024/01/29,C0001,個人,文具,1423,2,2846
K000207,2024/01/26,C0313,法人,ｵﾌｨｽ家具,1096円,6,6576
K000208,R6.1.25,,個人,生活用品,"¥1,084",4,4336
K000209,2024-06-29,,法人,ｵﾌｨｽ家具,632円,4,2528
K000210,2024-12-29,,個人,Stationery,452円,3,1356
K000211,R6.8.26,C0335,個人,食品・飲料,¥745,2,1490
K000212,2024-06-15,C0187,個人,食品・飲料,¥403,4,1612
K000213,2024-06-18,C0288,個人,OA 用品,"¥1,240",5,6200
K000214,2024-09-20,C0287,法人,OA用品,1239,2,2478
K000215,2024-03-13,C0136,法人,ぶんぐ,618円,4,2472
K000216,2024/09/17,C0271,法人,食品・飲料,¥196,1,196
K000217,2024-06-20,C0354,法人,生活用品,742円,3,2226
K000218,R6.4.15,C0248,法人,オフィス家具,159円,3,477
K000219,2024/04/20,C0366,法人,生活 用品,500,4,2000
K000220,2024-04-17,,法人,ぶんぐ,¥590,3,1770
K000221,2024/08/07,C0392,個人,文具,619,1,619
K000222,2024-09-20,C0202,個人,ぶんぐ,543,3,1629
K000223,2024-10-07,,個人,ＯＡ用品,1460円,2,2920
K000224,R6.10.14,C0022,個人,文具,848,4,3392
K000225,2024-04-13,C0274,個人,食品飲料,¥495,3,1485
K000226,2024-12-28,C0012,法人,ＯＡ用品,¥855,1,855
K000227,2024-01-23,C0222,法人,OA用品,401円,3,1203
K000228,2024-11-15,C0227,,文具,848円,3,2544
K000229,2024-02-06,C0035,,ｵﾌｨｽ家具,¥965,7,6755
K000230,2024-02-14,C0083,個人,生活 用品,506,4,2024
K000231,R6.10.24,C0094,個人,ｵﾌｨｽ家具,289円,3,867
K000232,2024-11-10,C0182,法人,文具,¥455,7,3185
K000233,2024/03/12,C0263,法人,生活 用品,¥348,6,2088
K000234,R6.1.7,C0387,法人,Stationery,"¥1,208",2,2416
K000235,R6.11.10,C0073,個人,生活用品,946円,1,946
K000236,2024/03/12,C0120,個人,ＯＡ用品,917,5,4585
K000237,2024-09-17,C0265,,Stationery,1794円,3,5382
K000238,2024-08-18,,法人,ＯＡ用品,¥426,2,852
K000239,2024/08/23,C0122,法人,ｵﾌｨｽ家具,926円,5,4630
K000240,2024-12-04,C0232,法人,文具,¥783,5,3915
K000241,R6.1.26,C0323,法人,生活 用品,555,4,2220
K000242,2024-09-13,C0040,個人,ＯＡ用品,¥858,5,4290
K000243,2024-11-05,C0045,個人,食品飲料,"¥1,943",2,3886
K000244,2024-11-27,C0329,個人,生活 用品,343円,4,1372
K000245,2024/03/23,C0289,法人,Stationery,1123,6,6738
K000246,R6.11.8,C0112,法人,ｵﾌｨｽ家具,1044円,4,4176
K000247,R6.9.22,C0221,個人,ぶんぐ,308,3,924
K000248,2024-02-01,C0233,法人,生活用品,¥877,4,3508
K000249,2024-07-24,C0235,法人,OA用品,472円,6,2832
K000250,2024-01-30,C0229,法人,OA用品,1315円,4,5260
K000251,2024/12/06,C0157,法人,食品飲料,371,2,742
K000252,2024-01-19,C0207,個人,文具,¥605,3,1815
K000253,R6.10.16,C0339,法人,ＯＡ用品,1133円,3,3399
K000254,2024-11-20,C0162,法人,ぶんぐ,434円,3,1302
K000255,2024-12-26,,個人,文具,306,4,1224
K000256,2024-05-07,C0108,法人,生活用品,1500,2,3000
K000257,R6.1.23,,法人,OA用品,"¥1,573",4,6292
K000258,2024/01/16,C0395,,食品飲料,1020,2,2040
K000259,2024-08-17,C0095,法人,OA 用品,720,4,2880
K000260,2024/08/17,C0185,,文具,738円,3,2214
K000261,2024-03-22,C0333,法人,食品飲料,¥457,2,914
K000262,2024-01-06,C0266,個人,文具,¥743,4,2972
K000263,2024/11/28,C0011,法人,ぶんぐ,984円,5,4920
K000264,2024-09-11,C0072,法人,生活 用品,397,3,1191
K000265,2024-04-16,C0236,法人,ＯＡ用品,¥958,4,3832
K000266,R6.12.6,C0286,法人,OA用品,¥326,4,1304
K000267,2024/06/09,C0329,法人,生活 用品,"¥1,466",6,8796
K000268,2024/12/23,C0374,法人,Stationery,839,1,839
K000269,2024/02/10,C0111,法人,生活用品,1254円,7,8778
K000270,R6.2.3,C0181,法人,ｵﾌｨｽ家具,649,5,3245
K000271,2024/06/16,,法人,文具,"¥1,120",4,4480
K000272,R6.7.21,,個人,ぶんぐ,243,8,1944
K000273,2024-05-22,,個人,Stationery,1606,4,6424
K000274,2024/11/16,C0016,個人,食品飲料,¥217,3,651
K000275,2024-06-24,C0065,個人,OA用品,¥895,6,5370
K000276,2024-04-21,C0030,個人,Stationery,¥562,4,2248
K000277,2024-09-09,C0007,個人,ぶんぐ,678,4,2712
K000278,2024/06/14,,法人,食品飲料,¥419,3,1257
K000279,2024-08-24,C0378,法人,Stationery,396,5,1980
K000280,2024/02/28,C0046,個人,生活 用品,¥996,1,996
K000281,2024-03-11,C0043,法人,ぶんぐ,1177円,3,3531
K000282,2024/10/30,C0008,法人,食品・飲料,¥595,2,1190
K000283,2024-03-01,C0263,法人,OA用品,1220円,3,3660
K000284,2024/07/04,C0361,個人,ぶんぐ,316,6,1896
K000285,2024-01-30,C0047,法人,食品飲料,525,3,1575
K000286,2024-07-02,C0305,個人,OA用品,1574,3,4722
K000287,2024-04-27,C0299,個人,生活用品,"¥1,077",4,4308
K000288,2024/02/20,C0372,法人,OA 用品,419,1,419
K000289,2024-02-18,C0086,法人,ぶんぐ,1176円,1,1176
K000290,R6.10.25,C0153,法人,Stationery,679,1,679
K000291,R6.1.11,C0206,個人,文具,929,4,3716
K000292,2024/11/23,C0007,法人,ぶんぐ,532円,6,3192
K000293,2024/10/14,C0130,個人,ぶんぐ,¥830,2,1660
K000294,R6.7.10,C0163,個人,文具,¥218,6,1308
K000295,R6.3.1,C0163,法人,食品・飲料,445,2,890
K000296,2024/11/20,C0205,個人,ぶんぐ,1022円,2,2044
K000297,R6.11.11,C0140,法人,OA用品,639,6,3834
K000298,2024-12-10,C0074,個人,ぶんぐ,¥580,5,2900
K000299,R6.1.23,C0292,個人,ぶんぐ,¥322,2,644
K000300,2024/01/26,C0348,法人,生活用品,509,2,1018
K000301,2024/05/30,C0096,法人,食品飲料,1046円,2,2092
K000302,R6.12.18,C0294,法人,ＯＡ用品,¥455,4,1820
K000303,R6.2.25,,個人,ぶんぐ,888,3,2664
K000304,2024/11/22,,個人,食品飲料,831,3,2493
K000305,2024/11/01,C0208,,文具,"¥1,231",2,2462
K000306,2024/09/28,C0317,個人,OA 用品,456,4,1824
K000307,2024-08-09,C0008,法人,OA 用品,606円,7,4242
K000308,2024-07-19,,法人,食品・飲料,¥565,3,1695
K000309,2024-12-13,C0046,個人,生活 用品,474円,3,1422
K000310,R6.1.20,C0259,法人,OA 用品,971円,3,2913
K000311,2024-07-06,C0073,個人,ＯＡ用品,683円,1,683
K000312,2024-11-09,C0328,法人,生活 用品,1704円,3,5112
K000313,2024/08/28,C0230,個人,生活 用品,¥775,5,3875
K000314,2024-03-15,C0069,法人,生活 用品,"¥1,764",2,3528
K000315,2024-10-25,C0343,法人,生活 用品,¥971,3,2913
K000316,R6.1.15,C0018,個人,文具,693円,4,2772
K000317,2024/01/15,C0065,個人,Stationery,"¥1,084",6,6504
K000318,2024-02-02,C0328,法人,OA 用品,987円,5,4935
K000319,2024/05/19,C0360,法人,OA用品,525,3,1575
K000320,2024/09/16,C0037,個人,生活 用品,¥735,5,3675
K000321,2024-09-26,C0377,個人,Stationery,1762,2,3524
K000322,2024/08/25,C0220,法人,オフィス家具,"¥1,927",3,5781
K000323,2024/05/13,C0304,法人,OA 用品,887,2,1774
K000324,2024/03/07,C0097,,生活用品,"¥1,110",2,2220
K000325,R6.10.11,C0345,法人,ぶんぐ,¥752,3,2256
K000326,2024-02-06,C0377,法人,OA 用品,1659円,5,8295
K000327,2024/07/12,C0187,法人,Stationery,867円,2,1734
K000328,2024-05-08,C0354,個人,文具,"¥1,823",4,7292
K000329,2024-07-18,C0056,個人,食品飲料,"¥1,234",3,3702
K000330,2024-05-14,,個人,ぶんぐ,¥626,2,1252
K000331,2024/07/27,C0387,法人,食品・飲料,339円,2,678
K000332,2024/01/16,C0362,法人,OA用品,2401,3,7203
K000333,2024/04/05,C0299,法人,Stationery,"¥1,186",3,3558
K000334,2024/12/04,C0342,個人,生活 用品,999,5,4995
K000335,2024-10-19,C0001,法人,ぶんぐ,1054,4,4216
K000336,2024-06-09,C0140,法人,生活 用品,1544,4,6176
K000337,2024-07-10,C0057,法人,Stationery,¥585,4,2340
K000338,2024/04/19,C0150,法人,ｵﾌｨｽ家具,"¥1,208",3,3624
K000339,2024-06-01,C0297,個人,Stationery,910,3,2730
K000340,R6.3.7,C0023,法人,OA用品,¥588,5,2940
K000341,2024/02/13,C0026,個人,食品・飲料,319円,6,1914
K000342,2024-04-10,C0317,法人,ＯＡ用品,934円,6,5604
K000343,2024-04-09,C0258,法人,オフィス家具,648,2,1296
K000344,2024-12-26,C0272,法人,生活用品,1033,1,1033
K000345,2024-08-07,,,ぶんぐ,834,4,3336
K000346,2024-02-10,C0082,法人,生活 用品,700円,5,3500
K000347,2024/07/12,C0374,法人,食品・飲料,600円,2,1200
K000348,2024-07-29,C0154,個人,ぶんぐ,¥978,3,2934
K000349,2024/04/21,C0042,法人,OA用品,"¥1,223",5,6115
K000350,2024-11-24,,法人,Stationery,1106円,4,4424
K000351,R6.2.18,C0390,法人,生活 用品,392,2,784
K000352,2024/02/11,C0258,法人,ぶんぐ,¥560,5,2800
K000353,2024-01-03,C0131,法人,OA用品,456円,3,1368
K000354,2024-09-01,,法人,生活 用品,646円,2,1292
K000355,R6.11.3,C0167,個人,生活用品,"¥1,003",4,4012
K000356,R6.5.11,C0340,法人,Stationery,¥744,4,2976
K000357,2024/09/07,C0007,法人,生活用品,¥827,3,2481
K000358,2024-11-19,C0019,法人,Stationery,1173,5,5865
K000359,2024-02-01,C0102,法人,生活 用品,1261,7,8827
K000360,2024-01-06,C0249,法人,OA 用品,1803円,7,12621
K000361,2024-02-25,C0006,法人,ぶんぐ,464円,3,1392
K000362,2024-02-05,C0346,個人,生活用品,1051円,4,4204
K000363,2024/06/20,C0326,法人,生活用品,533円,3,1599
K000364,R6.2.10,,法人,ｵﾌｨｽ家具,¥612,4,2448
K000365,2024-02-24,,個人,食品・飲料,¥413,3,1239
K000366,2024-09-28,,法人,Stationery,¥701,3,2103
K000367,2024-07-23,C0199,個人,ぶんぐ,"¥1,887",1,1887
K000368,2024-04-07,C0387,法人,Stationery,500,4,2000
K000369,2024/05/26,C0104,法人,OA用品,"¥1,190",7,8330
K000370,2024-04-05,C0361,個人,OA 用品,700円,6,4200
K000371,2024-10-12,C0174,法人,OA用品,640円,2,1280
K000372,2024-09-05,C0149,法人,OA用品,¥442,1,442
K000373,2024-02-19,C0327,,Stationery,"¥1,621",1,1621
K000374,R6.9.18,C0246,法人,ぶんぐ,2222円,1,2222
K000375,R6.9.29,C0198,法人,OA用品,¥882,4,3528
K000376,2024-06-22,C0333,法人,Stationery,521円,3,1563
K000377,2024-06-23,C0252,法人,ＯＡ用品,¥553,7,3871
K000378,R6.4.26,C0255,法人,食品・飲料,"¥1,610",4,6440
K000379,2024-06-27,C0066,法人,ぶんぐ,1176円,3,3528
K000380,2024-01-06,C0164,法人,オフィス家具,550円,3,1650
K000381,2024/04/09,C0246,法人,ｵﾌｨｽ家具,¥791,3,2373
K000382,R6.10.17,C0197,個人,Stationery,1502,1,1502
K000383,R6.5.6,C0305,法人,OA用品,1152円,3,3456
K000384,2024-06-15,C0066,個人,食品飲料,642,3,1926
K000385,2024-02-18,C0047,個人,OA 用品,809,1,809
K000386,R6.3.10,C0317,個人,生活用品,1016,2,2032
K000387,2024/03/15,C0185,個人,生活 用品,701円,5,3505
K000388,2024/06/07,C0014,個人,ＯＡ用品,1071,2,2142
K000389,2024-07-21,C0213,法人,食品飲料,357円,3,1071
K000390,2024-07-07,C0148,法人,ｵﾌｨｽ家具,1444,5,7220
K000391,2024-06-19,C0028,個人,ＯＡ用品,1048,2,2096
K000392,2024-12-17,C0269,法人,生活 用品,848,2,1696
K000393,2024-09-23,C0252,個人,OA 用品,234,5,1170
K000394,2024-06-01,C0280,,生活 用品,1733,3,5199
K000395,2024-08-31,C0048,法人,Stationery,¥450,3,1350
K000396,2024/01/26,C0382,個人,食品・飲料,"¥1,201",3,3603
K000397,R6.3.23,C0049,法人,OA 用品,1668,8,13344
K000398,2024/11/05,C0395,法人,文具,"¥1,874",1,1874
K000399,2024/03/13,C0241,個人,OA 用品,623,7,4361
K000400,2024/11/09,C0339,法人,食品飲料,668,4,2672
K000401,2024-01-17,C0108,個人,生活 用品,¥846,1,846
K000402,R6.10.13,C0111,個人,OA用品,447,4,1788
K000403,2024-10-05,C0178,個人,ＯＡ用品,396,3,1188
K000404,2024-01-23,C0379,法人,OA 用品,2413,4,9652
K000405,2024-06-04,C0207,個人,食品飲料,¥905,1,905
K000406,2024-10-05,C0008,法人,文具,820,6,4920
K000407,R6.2.19,C0318,法人,生活 用品,460円,7,3220
K000408,2024/12/31,C0388,法人,生活用品,1162円,1,1162
K000409,R6.1.27,C0351,個人,ぶんぐ,767,1,767
K000410,2024/09/14,C0074,法人,OA用品,¥654,3,1962
K000411,2024-10-24,C0037,法人,OA用品,757円,5,3785
K000412,2024-04-08,C0342,法人,生活用品,498,4,1992
K000413,2024-07-26,C0079,個人,食品飲料,"¥1,437",4,5748
K000414,2024/08/12,C0387,個人,食品飲料,355,2,710
K000415,R6.12.9,C0096,個人,文具,¥780,2,1560
K000416,R6.3.8,C0344,法人,Stationery,"¥1,411",9,12699
K000417,2024/02/10,C0275,個人,OA 用品,1408,4,5632
K000418,2024/09/24,C0127,法人,ＯＡ用品,941円,3,2823
K000419,2024-07-28,C0198,個人,ｵﾌｨｽ家具,1282円,4,5128
K000420,2024-07-11,C0397,法人,文具,357,4,1428
K000421,2024-01-28,C0076,個人,オフィス家具,¥664,3,1992
K000422,2024-04-29,,個人,食品飲料,580円,5,2900
K000423,2024-06-05,C0027,個人,食品・飲料,¥982,5,4910
K000424,2024-09-19,C0117,個人,食品飲料,¥725,7,5075
K000425,2024-06-12,C0002,法人,食品飲料,953円,3,2859
K000426,2024-05-04,C0197,法人,食品・飲料,518,1,518
K000427,2024-08-18,C0374,個人,文具,682円,3,2046
K000428,2024-11-02,C0129,法人,食品飲料,1600,6,9600
K000429,2024/09/30,C0190,個人,Stationery,621,1,621
K000430,2024-04-09,C0080,法人,ぶんぐ,607円,3,1821
K000431,2024-03-07,C0099,法人,OA 用品,1159,3,3477
K000432,2024-08-15,C0128,個人,食品・飲料,345円,4,1380
K000433,2024-01-13,C0366,法人,OA用品,1039円,2,2078
K000434,2024/09/09,C0165,法人,ＯＡ用品,¥391,5,1955
K000435,R6.11.19,C0350,個人,OA 用品,¥549,3,1647
K000436,2024/06/05,C0131,個人,食品飲料,929,1,929
K000437,2024-05-18,C0332,法人,生活用品,794,5,3970
K000438,2024/10/13,C0286,法人,ぶんぐ,1250円,4,5000
K000439,2024-05-20,C0350,法人,Stationery,¥389,6,2334
K000440,2024-06-29,C0244,法人,ＯＡ用品,998,3,2994
K000441,2024-11-12,C0397,法人,文具,¥753,3,2259
K000442,2024-08-25,,個人,OA用品,¥802,2,1604
K000443,2024-12-31,C0215,法人,ぶんぐ,1041円,1,1041
K000444,R6.12.1,C0051,法人,OA用品,¥743,5,3715
K000445,2024/12/08,,法人,食品・飲料,479,5,2395
K000446,2024-03-20,C0325,個人,生活用品,"¥1,037",3,3111
K000447,R6.3.21,C0015,法人,ぶんぐ,1338,3,4014
K000448,2024/03/29,C0054,法人,Stationery,1800,3,5400
K000449,R6.2.15,C0158,個人,OA 用品,¥608,3,1824
K000450,R6.1.17,C0218,法人,ｵﾌｨｽ家具,881円,3,2643
K000451,2024-02-12,C0299,個人,OA用品,308,1,308
K000452,2024/08/07,C0273,法人,文具,¥471,5,2355
K000453,2024/02/25,C0202,法人,OA用品,323円,2,646
K000454,R6.10.13,C0321,個人,Stationery,825,4,3300
K000455,2024/06/17,C0298,法人,生活 用品,¥727,1,727
K000456,R6.1.13,,法人,オフィス家具,1371円,2,2742
K000457,R6.7.18,C0003,法人,ＯＡ用品,¥555,1,555
K000458,2024/01/16,C0034,個人,ｵﾌｨｽ家具,780円,5,3900
K000459,2024-04-20,C0159,個人,OA 用品,669円,2,1338
K000460,2024/03/22,,法人,OA 用品,1106円,5,5530
K000461,2024-10-13,C0027,法人,ＯＡ用品,464円,4,1856
K000462,2024-05-04,C0369,個人,OA 用品,1044円,2,2088
K000463,2024/03/31,C0326,個人,食品飲料,"¥1,501",2,3002
K000464,2024/02/04,C0129,個人,生活用品,741,2,1482
K000465,2024-09-27,C0032,個人,生活用品,401,4,1604
K000466,2024-05-11,C0049,個人,ぶんぐ,413,3,1239
K000467,R6.12.3,C0249,法人,ＯＡ用品,¥423,4,1692
K000468,2024-01-17,C0315,個人,OA 用品,971円,1,971
K000469,2024-01-25,C0275,個人,文具,1418,2,2836
K000470,R6.9.26,C0070,個人,OA用品,2037円,4,8148
K000471,2024-09-15,,法人,ぶんぐ,621円,3,1863
K000472,2024-03-05,C0296,法人,Stationery,1015,4,4060
K000473,2024-09-05,C0016,法人,生活用品,649円,4,2596
K000474,2024-05-10,C0049,,ｵﾌｨｽ家具,392円,4,1568
K000475,2024/06/23,C0153,法人,ｵﾌｨｽ家具,¥435,1,435
K000476,2024-11-04,C0156,個人,文具,808,4,3232
K000477,2024-10-28,C0275,法人,Stationery,¥335,4,1340
K000478,2024/07/12,,法人,Stationery,495,2,990
K000479,R6.2.12,C0170,法人,ぶんぐ,372円,2,744
K000480,2024-12-15,C0261,法人,ぶんぐ,¥356,4,1424
K000481,2024-08-02,,法人,食品・飲料,¥489,3,1467
K000482,2024-07-31,C0165,法人,食品飲料,384,6,2304
K000483,2024-11-09,C0266,法人,ぶんぐ,952,3,2856
K000484,R6.7.23,C0398,法人,文具,1203,2,2406
K000485,2024-06-28,C0268,個人,食品・飲料,"¥1,767",3,5301
K000486,2024-01-03,,法人,OA用品,"¥1,945",2,3890
K000487,2024-07-06,C0016,個人,ＯＡ用品,"¥2,228",6,13368
K000488,2024/02/22,C0100,法人,ＯＡ用品,"¥1,077",3,3231
K000489,2024-03-13,C0295,個人,Stationery,315円,4,1260
K000490,2024-10-19,C0035,法人,OA 用品,¥586,3,1758
K000491,2024/03/02,C0002,法人,生活 用品,"¥1,104",3,3312
K000492,2024-12-24,C0135,個人,OA 用品,666円,4,2664
K000493,2024-06-03,C0175,法人,生活用品,¥483,4,1932
K000494,2024-01-01,,個人,文具,639円,2,1278
K000495,2024/05/12,C0060,法人,OA 用品,921,1,921
K000496,2024/11/04,C0170,法人,食品・飲料,825円,6,4950
K000497,R6.2.16,C0087,法人,Stationery,826,3,2478
K000498,2024/09/20,C0073,法人,OA用品,¥445,1,445
K000499,2024-02-29,C0008,,ｵﾌｨｽ家具,256,4,1024
K000500,2024-09-30,C0338,法人,文具,¥687,2,1374
K000501,R6.1.12,C0205,個人,食品飲料,¥419,3,1257
K000502,2024-08-09,C0340,個人,OA 用品,395円,4,1580
K000503,2024/01/30,C0290,個人,ＯＡ用品,¥562,5,2810
K000504,2024-12-03,C0087,個人,食品・飲料,526円,2,1052
K000505,2024/02/01,C0070,法人,ぶんぐ,586,4,2344
K000506,2024/06/30,C0333,個人,生活用品,452,6,2712
K000507,2024/01/13,C0123,個人,文具,855円,2,1710
K000508,2024-07-21,C0081,個人,ＯＡ用品,¥949,2,1898
K000509,R6.7.12,C0341,法人,OA用品,"¥1,418",3,4254
K000510,2024-05-02,C0046,法人,ＯＡ用品,¥972,4,3888
K000511,2024-03-02,C0093,個人,文具,458,2,916
K000512,2024-08-19,C0347,,ぶんぐ,550円,4,2200
K000513,2024-05-10,C0021,法人,OA用品,¥676,2,1352
K000514,2024-05-23,C0249,個人,食品・飲料,587,3,1761
K000515,R6.7.1,C0300,法人,食品飲料,498円,5,2490
K000516,2024/08/31,C0078,個人,OA用品,147,6,882
K000517,2024-12-24,C0391,法人,食品・飲料,¥735,4,2940
K000518,2024/01/28,C0233,個人,生活用品,¥539,1,539
K000519,2024/07/16,C0254,法人,ＯＡ用品,¥651,2,1302
K000520,R6.8.28,C0009,法人,Stationery,¥705,2,1410
K000521,2024-06-30,C0203,,OA 用品,618円,2,1236
K000522,2024/06/11,C0072,法人,ぶんぐ,¥624,6,3744
K000523,2024-10-13,C0209,法人,Stationery,1157,2,2314
K000524,2024/04/26,,個人,食品・飲料,967,3,2901
K000525,2024-10-11,C0281,法人,食品飲料,632,2,1264
K000526,2024/12/05,C0338,法人,OA用品,¥875,3,2625
K000527,2024/06/01,C0391,法人,ｵﾌｨｽ家具,¥591,4,2364
K000528,2024-12-10,C0324,個人,ｵﾌｨｽ家具,1013,6,6078
K000529,2024-04-23,,法人,食品・飲料,387,2,774
K000530,R6.1.27,C0096,個人,OA用品,"¥1,299",6,7794
K000531,2024-04-20,C0034,法人,OA用品,967,3,2901
K000532,R6.11.5,C0251,個人,ぶんぐ,951円,2,1902
K000533,2024/12/03,C0010,個人,ぶんぐ,¥884,4,3536
K000534,2024-07-29,,個人,OA 用品,1031円,2,2062
K000535,2024-09-11,C0139,個人,ぶんぐ,1739,3,5217
K000536,R6.3.5,,個人,ぶんぐ,720円,4,2880
K000537,2024/01/05,C0063,個人,OA 用品,2233円,3,6699
K000538,2024/08/04,C0391,個人,生活 用品,432,4,1728
K000539,R6.2.25,,法人,ぶんぐ,1102円,4,4408
K000540,2024-07-14,C0056,個人,生活用品,¥213,3,639
K000541,R6.3.2,C0033,個人,オフィス家具,"¥1,201",3,3603
K000542,2024-11-07,C0171,,オフィス家具,"¥1,090",1,1090
K000543,2024-03-01,C0181,法人,食品・飲料,1288円,4,5152
K000544,2024-02-01,C0326,法人,Stationery,1153円,3,3459
K000545,2024/06/30,C0215,法人,Stationery,¥598,3,1794
K000546,2024/09/03,C0191,法人,食品・飲料,1160円,3,3480
K000547,2024-11-10,C0066,法人,食品・飲料,"¥1,044",1,1044
K000548,2024-01-05,C0010,法人,文具,"¥1,524",2,3048
K000549,R6.7.17,C0231,個人,生活用品,¥696,2,1392
K000550,R6.10.31,C0028,個人,文具,1508円,1,1508
K000551,2024-10-13,C0058,個人,Stationery,1301円,3,3903
K000552,2024-01-29,C0334,法人,文具,511円,5,2555
K000553,2024-09-03,C0342,個人,ぶんぐ,¥490,6,2940
K000554,2024/04/13,C0024,法人,OA 用品,1128円,4,4512
K000555,R6.1.5,C0028,法人,食品飲料,1150,2,2300
K000556,R6.7.30,C0193,法人,OA 用品,1417円,4,5668
K000557,2024/02/19,C0381,法人,Stationery,798,1,798
K000558,2024-12-07,C0083,法人,ぶんぐ,"¥1,088",3,3264
K000559,2024-04-03,C0292,個人,文具,2680,5,13400
K000560,2024-05-13,C0400,法人,Stationery,736円,4,2944
K000561,2024/12/19,C0381,法人,OA用品,990円,2,1980
K000562,2024-02-08,C0185,法人,OA用品,584円,2,1168
K000563,2024/06/03,C0227,法人,Stationery,"¥1,485",3,4455
K000564,R6.11.12,C0365,法人,ＯＡ用品,¥945,4,3780
K000565,2024-05-04,C0050,個人,ぶんぐ,¥649,4,2596
K000566,2024/03/09,C0076,法人,オフィス家具,727円,4,2908
K000567,2024-06-15,C0310,法人,OA用品,¥641,2,1282
K000568,2024-01-15,C0086,法人,Stationery,641円,5,3205
K000569,2024/03/09,C0118,法人,OA 用品,¥603,2,1206
K000570,2024-01-10,C0116,個人,Stationery,986,4,3944
K000571,2024/10/14,C0079,法人,Stationery,¥492,5,2460
K000572,2024-08-22,C0257,法人,ぶんぐ,"¥1,295",4,5180
K000573,2024-11-28,C0069,法人,生活用品,812,2,1624
K000574,R6.4.28,C0340,法人,文具,797,2,1594
K000575,2024-01-22,C0352,法人,食品・飲料,803,1,803
K000576,R6.7.28,C0279,法人,OA用品,¥902,1,902
K000577,2024/10/17,C0044,法人,Stationery,¥393,1,393
K000578,2024-11-08,C0234,法人,ｵﾌｨｽ家具,¥846,2,1692
K000579,2024-09-30,C0312,法人,生活 用品,606,3,1818
K000580,2024/10/15,C0099,法人,生活用品,2477,9,22293
K000581,2024/08/30,C0239,,文具,"¥1,138",5,5690
K000582,2024-03-24,C0397,法人,生活用品,849円,2,1698
K000583,2024-06-27,C0007,法人,生活用品,787,3,2361
K000584,2024/12/09,C0301,法人,文具,"¥2,476",3,7428
K000585,2024-03-26,C0400,法人,OA 用品,¥265,4,1060
K000586,2024-10-26,C0300,法人,オフィス家具,¥868,4,3472
K000587,2024-03-21,C0113,法人,ぶんぐ,799円,3,2397
K000588,2024-10-15,C0046,,生活 用品,367,3,1101
K000589,R6.3.16,C0049,個人,オフィス家具,1306円,5,6530
K000590,2024-10-22,C0169,個人,生活用品,805円,3,2415
K000591,2024/08/01,C0305,個人,OA 用品,3896円,4,15584
K000592,R6.3.26,C0049,個人,ＯＡ用品,¥654,2,1308
K000593,2024/09/29,C0318,法人,Stationery,1638円,6,9828
K000594,2024-11-11,C0286,,Stationery,512,3,1536
K000595,2024-07-26,C0185,個人,生活 用品,"¥1,235",4,4940
K000596,2024-08-16,C0053,法人,食品・飲料,1783,7,12481
K000597,2024-05-22,C0299,法人,ぶんぐ,990円,4,3960
K000598,2024-02-10,C0028,法人,Stationery,¥526,1,526
K000599,2024/08/28,C0351,法人,文具,1318円,6,7908
K000600,2024/11/04,C0142,個人,OA 用品,852円,1,852
K000601,2024-02-14,C0013,個人,生活 用品,"¥1,324",2,2648
K000602,R6.6.5,C0121,法人,文具,2907,8,23256
K000603,2024-07-26,C0058,法人,ＯＡ用品,431,3,1293
K000604,2024-06-22,C0299,個人,OA 用品,1209,4,4836
K000605,2024/08/19,C0313,個人,生活 用品,1088,2,2176
K000606,2024/11/25,C0247,法人,Stationery,913円,3,2739
K000607,R6.3.8,,法人,ぶんぐ,1100円,2,2200
K000608,2024-11-08,,法人,ＯＡ用品,¥300,2,600
K000609,2024-11-11,C0015,法人,OA用品,474円,4,1896
K000610,2024/05/06,C0378,個人,文具,¥702,2,1404
K000611,2024/09/17,C0306,個人,生活 用品,"¥1,904",1,1904
K000612,2024/02/04,C0040,,オフィス家具,¥587,5,2935
K000613,2024-04-25,C0302,法人,Stationery,665円,3,1995
K000614,2024/04/06,C0318,法人,ＯＡ用品,¥808,1,808
K000615,R6.1.4,C0018,法人,生活用品,389,4,1556
K000616,R6.2.20,,法人,食品・飲料,664,1,664
K000617,2024/08/15,C0173,法人,Stationery,531,2,1062
K000618,2024/02/04,C0068,個人,生活 用品,267,4,1068
K000619,2024/07/10,,法人,文具,¥223,3,669
K000620,2024/06/16,C0349,個人,ｵﾌｨｽ家具,676,2,1352
K000621,2024-05-08,,法人,OA 用品,825,2,1650
K000622,2024-01-07,C0313,法人,食品・飲料,668,3,2004
K000623,2024-12-25,C0045,法人,ｵﾌｨｽ家具,456円,4,1824
K000624,2024/08/30,C0146,個人,Stationery,"¥1,081",5,5405
K000625,2024/02/02,C0105,法人,オフィス家具,325円,2,650
K000626,2024/03/23,C0390,法人,文具,¥744,1,744
K000627,2024/01/12,,個人,生活 用品,¥623,3,1869
K000628,2024-07-24,C0211,個人,ぶんぐ,550,4,2200
K000629,2024-04-06,C0093,個人,ぶんぐ,"¥1,095",4,4380
K000630,2024-12-02,C0297,個人,オフィス家具,1859,4,7436
K000631,R6.3.22,,法人,ぶんぐ,¥454,3,1362
K000632,2024-08-04,C0342,個人,オフィス家具,409円,5,2045
K000633,2024-10-04,C0032,法人,ｵﾌｨｽ家具,¥692,2,1384
K000634,2024/05/07,C0067,個人,生活 用品,1569,6,9414
K000635,2024-01-04,C0069,法人,生活用品,¥606,3,1818
K000636,R6.10.17,C0077,法人,OA用品,"¥1,562",5,7810
K000637,2024-07-04,C0375,法人,文具,¥621,4,2484
K000638,2024/02/11,C0319,法人,Stationery,¥843,2,1686
K000639,2024-04-29,C0262,個人,OA 用品,727円,3,2181
K000640,R6.9.9,,法人,ぶんぐ,1396円,4,5584
K000641,2024/02/05,C0048,個人,ｵﾌｨｽ家具,886円,2,1772
K000642,R6.9.19,C0304,個人,ぶんぐ,798,2,1596
K000643,2024/02/01,C0132,個人,ぶんぐ,493,2,986
K000644,R6.9.15,C0341,法人,食品・飲料,¥404,3,1212
K000645,2024/03/29,C0013,法人,生活 用品,712,2,1424
K000646,R6.9.30,C0122,法人,Stationery,1477,3,4431
K000647,2024/12/12,C0245,法人,OA用品,470,3,1410
K000648,R6.7.9,C0085,個人,生活用品,1186,4,4744
K000649,2024-01-06,C0182,個人,オフィス家具,704,4,2816
K000650,2024-07-17,,個人,Stationery,¥555,3,1665
K000651,2024-07-12,C0076,法人,OA用品,674,2,1348
K000652,2024-04-03,C0092,個人,生活 用品,"¥1,836",2,3672
K000653,2024-11-25,C0316,法人,文具,1600円,5,8000
K000654,2024-10-30,C0080,法人,食品飲料,573,8,4584
K000655,2024-04-03,C0206,個人,OA 用品,¥586,4,2344
K000656,2024/05/27,C0232,個人,Stationery,877,4,3508
K000657,2024/12/22,C0029,個人,生活 用品,1373円,3,4119
K000658,2024-07-30,C0037,,ぶんぐ,¥586,2,1172
K000659,2024-08-28,C0359,法人,OA用品,438,4,1752
K000660,2024-09-28,C0179,個人,OA用品,¥971,5,4855
K000661,2024/05/04,,法人,ぶんぐ,¥409,5,2045
K000662,2024/02/05,C0099,個人,生活 用品,1289,2,2578
K000663,2024-11-07,C0283,法人,ｵﾌｨｽ家具,¥507,5,2535
K000664,2024/08/17,C0283,個人,文具,531,6,3186
K000665,2024-03-12,C0374,個人,文具,206円,3,618
K000666,2024/09/29,,法人,Stationery,"¥1,033",2,2066
K000667,2024-09-02,C0004,個人,OA 用品,"¥1,324",5,6620
K000668,2024/01/22,C0052,個人,文具,629円,3,1887
K000669,R6.3.3,C0319,個人,OA用品,¥444,5,2220
K000670,2024-08-08,C0204,,生活 用品,724,4,2896
K000671,2024/06/03,C0355,法人,生活用品,635,2,1270
K000672,2024-02-09,C0051,個人,Stationery,631,8,5048
K000673,2024-03-18,,法人,文具,¥632,5,3160
K000674,2024-12-25,C0218,個人,OA 用品,575円,3,1725
K000675,2024/03/12,C0111,個人,OA 用品,298円,3,894
K000676,2024/08/10,C0046,法人,ＯＡ用品,¥573,3,1719
K000677,2024-04-21,C0005,法人,OA 用品,2101円,3,6303
K000678,2024-09-28,C0399,法人,生活用品,214,3,642
K000679,2024-08-15,C0316,個人,Stationery,¥558,1,558
K000680,2024/02/07,C0263,法人,ＯＡ用品,1177円,9,10593
K000681,2024-12-15,C0338,法人,OA用品,¥537,4,2148
K000682,2024-05-08,C0397,個人,Stationery,¥773,4,3092
K000683,2024-11-18,C0119,個人,オフィス家具,¥622,3,1866
K000684,2024/02/20,,法人,OA 用品,1403,1,1403
K000685,R6.4.30,C0188,個人,食品・飲料,577円,2,1154
K000686,2024-10-07,C0207,法人,生活 用品,¥899,3,2697
K000687,2024-08-11,C0051,法人,Stationery,¥617,7,4319
K000688,2024/04/25,C0205,個人,ぶんぐ,¥397,6,2382
K000689,2024-04-15,C0072,個人,生活用品,¥383,3,1149
K000690,2024/08/01,C0255,個人,OA 用品,411円,3,1233
K000691,2024/03/24,C0222,法人,Stationery,"¥1,213",6,7278
K000692,R6.2.22,C0216,個人,ｵﾌｨｽ家具,605円,2,1210
K000693,R6.6.6,C0173,法人,ＯＡ用品,"¥1,292",5,6460
K000694,R6.9.27,C0035,,生活用品,278,6,1668
K000695,2024/01/14,C0305,個人,生活用品,1075,4,4300
K000696,R6.11.14,C0384,個人,食品・飲料,1448円,2,2896
K000697,2024-04-29,C0360,法人,オフィス家具,531円,4,2124
K000698,2024-05-18,C0383,個人,食品飲料,1059,4,4236
K000699,2024-02-27,C0314,個人,ぶんぐ,1387円,2,2774
K000700,2024/12/13,C0315,法人,Stationery,667,1,667
K000701,R6.5.23,C0038,法人,文具,576,3,1728
K000702,2024/10/11,C0399,個人,生活用品,"¥1,250",2,2500
K000703,R6.8.25,C0243,個人,Stationery,349円,7,2443
K000704,2024-12-30,C0111,法人,OA用品,519,3,1557
K000705,2024-12-13,C0183,法人,ＯＡ用品,700,2,1400
K000706,2024-09-15,C0330,法人,生活 用品,592円,3,1776
K000707,2024/02/12,,法人,OA 用品,244円,4,976
K000708,R6.10.6,C0277,個人,文具,1378円,3,4134
K000709,2024/04/29,C0337,個人,ＯＡ用品,¥420,3,1260
K000710,2024-08-13,C0071,個人,Stationery,998,4,3992
K000711,2024-04-18,,個人,文具,¥533,3,1599
K000712,2024-12-02,C0172,法人,オフィス家具,1215,3,3645
K000713,R6.5.4,C0155,法人,Stationery,1276円,5,6380
K000714,2024-05-08,C0147,法人,食品・飲料,¥340,1,340
K000715,2024-11-10,C0118,個人,ＯＡ用品,605,5,3025
K000716,2024/09/13,C0063,個人,Stationery,¥639,2,1278
K000717,2024/04/02,C0398,法人,生活用品,402,5,2010
K000718,2024-08-22,C0172,個人,文具,434円,1,434
K000719,2024-02-13,C0364,法人,Stationery,¥907,3,2721
K000720,R6.12.9,C0043,個人,食品飲料,543円,4,2172
K000721,2024/11/17,C0320,個人,文具,¥882,4,3528
K000722,R6.11.3,C0231,法人,生活 用品,¥673,3,2019
K000723,2024-09-06,C0153,個人,Stationery,¥370,8,2960
K000724,R6.2.20,C0261,法人,OA 用品,"¥1,024",2,2048
K000725,2024-04-23,C0338,法人,オフィス家具,471円,4,1884
K000726,2024/08/11,C0077,個人,文具,¥408,3,1224
K000727,2024/06/06,,,Stationery,¥433,4,1732
K000728,2024/02/03,C0314,法人,ＯＡ用品,622,4,2488
K000729,R6.5.6,C0111,個人,OA 用品,993円,1,993
K000730,2024-05-30,C0307,法人,Stationery,872,2,1744
K000731,2024-12-15,C0284,,OA 用品,711円,3,2133
K000732,R6.1.5,C0360,法人,食品・飲料,853円,3,2559
K000733,2024-06-23,C0081,個人,Stationery,¥610,2,1220
K000734,2024-04-23,C0078,法人,生活 用品,¥724,1,724
K000735,2024/03/16,C0296,法人,文具,¥555,3,1665
K000736,2024-05-15,C0236,法人,OA 用品,611,4,2444
K000737,R6.7.2,C0139,,ＯＡ用品,404円,4,1616
K000738,R6.1.2,,個人,OA用品,255円,4,1020
K000739,2024-05-09,C0293,法人,生活用品,¥929,1,929
K000740,2024-12-27,C0300,法人,生活 用品,1010,4,4040
K000741,R6.2.16,,個人,ｵﾌｨｽ家具,665円,2,1330
K000742,2024-10-29,C0060,法人,生活 用品,1319,6,7914
K000743,2024/07/03,C0001,法人,生活用品,807,4,3228
K000744,2024-04-15,C0227,個人,ぶんぐ,"¥1,022",4,4088
K000745,2024-02-23,C0344,法人,生活 用品,"¥1,188",4,4752
K000746,2024/10/26,C0396,,ＯＡ用品,816,2,1632
K000747,2024-05-08,C0139,法人,Stationery,¥953,5,4765
K000748,2024/10/26,C0309,法人,ぶんぐ,839円,5,4195
K000749,2024/06/12,C0133,法人,生活用品,¥621,1,621
K000750,R6.8.14,C0175,法人,オフィス家具,¥396,5,1980
K000751,2024/08/14,C0037,法人,Stationery,¥588,4,2352
K000752,2024/06/26,C0271,個人,OA 用品,¥558,1,558
K000753,2024-10-29,,個人,Stationery,¥240,4,960
K000754,2024-03-26,C0309,個人,ＯＡ用品,675,1,675
K000755,2024/02/14,C0344,法人,ＯＡ用品,468円,4,1872
K000756,2024-12-27,C0160,法人,ｵﾌｨｽ家具,¥901,4,3604
K000757,2024-03-12,C0295,個人,Stationery,¥547,3,1641
K000758,2024/04/17,C0268,法人,文具,¥721,2,1442
K000759,R6.6.30,C0017,法人,OA 用品,"¥1,479",3,4437
K000760,2024/12/22,C0242,法人,生活 用品,578,2,1156
K000761,2024-08-22,C0142,法人,生活 用品,534円,3,1602
K000762,2024-01-20,C0202,個人,OA用品,626,5,3130
K000763,2024-03-27,C0053,個人,OA 用品,255,1,255
K000764,2024/05/20,C0305,法人,生活用品,488円,5,2440
K000765,2024-10-03,C0392,個人,生活用品,583,4,2332
K000766,2024/12/12,C0318,個人,OA用品,507,3,1521
K000767,R6.2.9,C0043,法人,生活 用品,570,5,2850
K000768,2024/11/11,C0330,個人,文具,"¥1,496",3,4488
K000769,2024/09/20,C0308,個人,文具,¥333,2,666
K000770,2024/07/31,,個人,Stationery,863,7,6041
K000771,R6.3.31,C0337,法人,生活 用品,960,3,2880
K000772,2024/02/18,C0164,法人,生活 用品,621,2,1242
K000773,2024-06-09,C0210,個人,ＯＡ用品,"¥1,191",6,7146
K000774,R6.11.2,C0301,個人,ｵﾌｨｽ家具,1601,2,3202
K000775,R6.11.7,C0327,個人,文具,336,4,1344
K000776,2024/12/05,C0358,法人,OA用品,571円,4,2284
K000777,R6.8.31,C0177,法人,ＯＡ用品,483円,2,966
K000778,R6.3.16,C0209,法人,OA用品,403,3,1209
K000779,2024-12-26,,法人,文具,"¥1,002",4,4008
K000780,R6.10.27,C0120,法人,ｵﾌｨｽ家具,569円,3,1707
K000781,2024-05-22,,法人,オフィス家具,¥616,4,2464
K000782,2024/10/21,C0024,個人,ｵﾌｨｽ家具,¥766,5,3830
K000783,2024/10/29,C0269,法人,生活用品,1178,4,4712
K000784,2024/10/28,C0233,個人,ＯＡ用品,326円,4,1304
K000785,2024-11-04,C0212,,生活 用品,387円,3,1161
K000786,2024/08/02,C0021,個人,OA 用品,¥729,3,2187
K000787,2024-11-02,C0056,個人,生活 用品,1029,4,4116
K000788,2024-06-11,,法人,OA 用品,"¥1,027",2,2054
K000789,2024-03-07,C0040,個人,オフィス家具,"¥1,075",3,3225
K000790,2024/07/08,C0111,,文具,¥497,2,994
K000791,2024-10-09,C0250,法人,ぶんぐ,305,2,610
K000792,2024-06-28,,法人,食品飲料,450円,3,1350
K000793,R6.6.2,C0105,個人,OA用品,"¥1,036",3,3108
K000794,2024/01/19,C0071,法人,Stationery,¥675,3,2025
K000795,2024-06-21,C0290,法人,ｵﾌｨｽ家具,¥586,2,1172
K000796,2024-01-15,,法人,食品飲料,"¥1,255",2,2510
K000797,2024/05/23,C0399,法人,生活用品,¥842,5,4210
K000798,2024/11/24,C0054,法人,食品・飲料,740,3,2220
K000799,2024-05-24,C0132,,食品飲料,"¥1,490",5,7450
K000800,R6.2.1,C0378,個人,OA用品,"¥1,193",2,2386
K000801,2024-07-23,C0392,法人,Stationery,513,3,1539
K000802,2024-08-17,C0280,法人,ぶんぐ,600円,2,1200
K000803,2024-02-02,C0068,個人,Stationery,¥529,5,2645
K000804,R6.11.28,C0359,法人,オフィス家具,¥645,4,2580
K000805,2024-06-12,C0253,個人,食品・飲料,¥186,4,744
K000806,2024-06-16,C0313,法人,文具,752円,2,1504
K000807,2024-06-04,C0154,法人,生活用品,¥782,4,3128
K000808,R6.10.8,C0073,個人,生活 用品,¥713,6,4278
K000809,R6.1.20,C0314,法人,オフィス家具,452円,3,1356
K000810,R6.3.4,C0305,個人,Stationery,¥815,1,815
K000811,2024-03-20,C0057,個人,文具,"¥1,044",4,4176
K000812,2024-07-07,C0200,法人,生活 用品,888円,4,3552
K000813,2024/02/23,C0151,法人,ｵﾌｨｽ家具,"¥1,278",3,3834
K000814,R6.7.12,,,OA 用品,302円,2,604
K000815,2024/01/01,C0157,法人,OA用品,¥745,3,2235
K000816,2024-03-22,C0272,法人,文具,1121円,1,1121
K000817,R6.2.3,,法人,食品・飲料,1080,4,4320
K000818,2024/11/15,C0138,法人,生活 用品,"¥1,353",2,2706
K000819,2024-08-19,C0200,法人,食品・飲料,530,3,1590
K000820,2024/03/03,C0090,個人,生活 用品,1120,7,7840
K000821,2024-07-22,C0292,法人,OA用品,1152,3,3456
K000822,2024/08/26,C0061,法人,生活 用品,¥629,3,1887
K000823,R6.9.17,,法人,ぶんぐ,374,6,2244
K000824,2024-12-05,C0342,法人,オフィス家具,¥566,2,1132
K000825,2024-04-19,C0215,法人,ぶんぐ,"¥1,247",4,4988
K000826,2024/02/02,C0205,個人,ＯＡ用品,¥632,2,1264
K000827,R6.2.7,C0054,法人,生活用品,1495,6,8970
K000828,2024-12-07,C0005,法人,OA 用品,462円,2,924
K000829,2024-03-20,C0256,法人,食品飲料,529円,3,1587
K000830,R6.3.19,C0395,個人,OA 用品,1282,5,6410
K000831,2024-04-20,C0082,個人,ぶんぐ,¥289,3,867
K000832,R6.4.18,C0275,法人,Stationery,942,2,1884
K000833,2024-04-04,C0036,個人,Stationery,761円,3,2283
K000834,2024-10-05,C0029,法人,OA 用品,252円,4,1008
K000835,R6.4.3,C0149,個人,生活用品,566円,3,1698
K000836,2024-06-17,C0190,法人,ぶんぐ,¥545,5,2725
K000837,2024-03-07,C0337,法人,OA用品,1079円,4,4316
K000838,2024-10-30,C0002,個人,食品・飲料,484円,4,1936
K000839,2024-12-03,C0345,個人,OA 用品,673円,2,1346
K000840,2024-07-14,,個人,食品・飲料,999,2,1998
K000841,2024/07/20,C0239,法人,生活 用品,¥187,9999,1869813
K000842,2024-08-16,C0033,個人,OA用品,1333円,4,5332
K000843,2024/05/23,C0289,個人,ｵﾌｨｽ家具,373,4,1492
K000844,2024/11/13,C0198,,Stationery,832,4,3328
K000845,2024-02-01,C0120,法人,OA用品,604,3,1812
K000846,R6.4.28,C0244,法人,生活用品,¥695,5,3475
K000847,2024-03-20,C0220,法人,文具,1172,7,8204
K000848,2024-06-24,C0256,法人,Stationery,¥426,3,1278
K000849,R6.10.12,C0113,法人,文具,¥529,4,2116
K000850,2024-01-17,C0343,個人,文具,786円,7,5502
K000851,2024/06/23,C0325,法人,Stationery,570円,4,2280
K000852,2024/01/11,C0290,法人,生活用品,1061,3,3183
K000853,2024/11/04,C0071,個人,ＯＡ用品,623円,2,1246
K000854,2024-03-16,C0006,個人,OA 用品,¥526,3,1578
K000855,2024-09-27,,個人,ぶんぐ,814,2,1628
K000856,2024-07-12,C0150,個人,ぶんぐ,¥776,5,3880
K000857,2024-05-14,C0314,個人,OA用品,438,5,2190
K000858,2024-05-03,C0117,法人,生活 用品,1044,1,1044
K000859,2024-09-05,C0104,個人,Stationery,3297円,4,13188
K000860,2024-02-20,C0382,法人,OA 用品,939円,3,2817
K000861,2024/09/16,C0258,法人,オフィス家具,¥541,3,1623
K000862,2024/11/22,C0360,個人,食品飲料,¥812,2,1624
K000863,2024-06-01,C0089,個人,ぶんぐ,457,2,914
K000864,2024/02/11,C0196,個人,OA 用品,810,5,4050
K000865,R6.4.22,C0370,個人,OA 用品,580,4,2320
K000866,2024-01-07,C0019,法人,Stationery,¥646,6,3876
K000867,2024-01-18,C0199,個人,オフィス家具,723円,4,2892
K000868,2024-08-05,,個人,食品・飲料,¥557,5,2785
K000869,2024-07-29,C0397,個人,文具,591,3,1773
K000870,2024/02/20,C0116,法人,OA 用品,313,1,313
K000871,2024-12-08,C0202,個人,Stationery,¥417,4,1668
K000872,2024-03-31,C0195,法人,ＯＡ用品,¥843,1,843
K000873,2024-08-18,C0256,法人,食品飲料,1039円,2,2078
K000874,2024-06-16,C0266,法人,ＯＡ用品,493,4,1972
K000875,2024-02-12,C0265,法人,Stationery,405,4,1620
K000876,R6.9.14,C0278,法人,ぶんぐ,¥750,3,2250
K000877,R6.12.10,C0372,法人,ｵﾌｨｽ家具,¥896,3,2688
K000878,2024/08/16,C0248,個人,生活 用品,¥967,4,3868
K000879,2024/08/21,,個人,OA 用品,851,5,4255
K000880,2024/01/17,C0099,法人,OA用品,1036円,7,7252
K000881,R6.7.19,C0089,法人,生活 用品,¥307,4,1228
K000882,2024-11-18,C0057,法人,Stationery,1680円,7,11760
K000883,2024-01-21,C0172,個人,食品・飲料,"¥1,259",3,3777
K000884,2024/06/01,C0364,法人,OA 用品,643,4,2572
K000885,2024-05-15,C0086,法人,Stationery,"¥1,370",1,1370
K000886,2024/06/23,C0010,個人,生活 用品,460円,4,1840
K000887,2024/01/23,C0274,法人,文具,766,5,3830
K000888,R6.1.16,,法人,ぶんぐ,1783,4,7132
K000889,2024-05-12,C0302,個人,文具,1396円,5,6980
K000890,2024-03-20,C0271,,ｵﾌｨｽ家具,¥726,5,3630
K000891,R6.10.17,C0243,法人,文具,1585,3,4755
K000892,R6.1.23,,個人,OA 用品,¥525,1,525
K000893,2024/05/18,C0239,,文具,¥591,2,1182
K000894,R6.2.27,C0392,法人,ＯＡ用品,¥707,5,3535
K000895,2024-09-29,C0130,個人,ぶんぐ,¥644,5,3220
K000896,2024-02-18,C0071,個人,生活用品,324,4,1296
K000897,R6.8.4,C0148,法人,食品飲料,575,3,1725
K000898,2024-03-19,C0303,法人,Stationery,481円,3,1443
K000899,2024/01/20,C0340,個人,OA用品,458,3,1374
K000900,2024-12-18,C0246,法人,OA用品,2096円,3,6288
K000901,2024-12-10,C0101,個人,生活 用品,948円,3,2844
K000902,R6.1.6,,法人,Stationery,394,1,394
K000903,R6.12.10,C0348,法人,オフィス家具,¥518,4,2072
K000904,2024-07-18,C0396,法人,生活 用品,927,2,1854
K000905,2024-08-24,C0332,法人,生活用品,832円,2,1664
K000906,2024/05/18,C0087,,ＯＡ用品,"¥1,473",7,10311
K000907,2024/09/20,,法人,生活用品,1353,4,5412
K000908,2024/09/29,C0035,個人,ＯＡ用品,807円,5,4035
K000909,2024/07/24,C0197,個人,Stationery,932,2,1864
K000910,2024/10/20,C0142,法人,Stationery,¥767,3,2301
K000911,R6.5.31,C0267,法人,OA 用品,917,7,6419
K000912,2024-07-07,C0036,法人,OA 用品,846,1,846
K000913,2024/08/19,C0399,個人,生活用品,239円,4,956
K000914,R6.8.24,C0088,個人,生活用品,591,2,1182
K000915,2024-03-03,C0283,個人,文具,1267円,3,3801
K000916,2024-02-17,C0247,法人,ＯＡ用品,774,1,774
K000917,2024-06-02,C0131,法人,生活用品,¥777,5,3885
K000918,R6.3.19,C0345,法人,OA用品,700円,2,1400
K000919,2024-01-30,C0282,個人,Stationery,919,3,2757
K000920,2024/05/18,C0195,法人,食品・飲料,1051,3,3153
K000921,2024/06/15,C0236,個人,ＯＡ用品,"¥2,095",3,6285
K000922,2024-02-02,C0287,法人,ぶんぐ,"¥1,987",3,5961
K000923,2024-07-17,C0240,個人,OA 用品,852円,4,3408
K000924,2024/09/09,,個人,ぶんぐ,1606,2,3212
K000925,R6.5.10,C0297,法人,ぶんぐ,"¥1,098",3,3294
K000926,2024-04-16,C0050,法人,ｵﾌｨｽ家具,¥639,3,1917
K000927,2024-09-10,C0012,個人,生活用品,¥743,4,2972
K000928,2024/12/01,C0027,個人,OA用品,¥591,4,2364
K000929,2024-10-27,,法人,Stationery,260,5,1300
K000930,2024-07-16,C0338,個人,ＯＡ用品,683,5,3415
K000931,R6.12.25,C0190,個人,OA用品,557円,2,1114
K000932,2024-07-30,C0209,個人,ＯＡ用品,¥417,3,1251
K000933,2024/12/15,C0144,個人,文具,¥378,1,378
K000934,2024-12-29,,法人,生活 用品,1205円,2,2410
K000935,R6.2.17,C0060,法人,文具,3231円,4,12924
K000936,2024-03-08,C0380,,Stationery,467円,4,1868
K000937,R6.8.25,C0280,個人,ｵﾌｨｽ家具,¥471,4,1884
K000938,R6.3.3,C0331,法人,生活用品,274円,4,1096
K000939,2024-03-15,,個人,ぶんぐ,¥388,2,776
K000940,2024-08-16,C0352,個人,文具,¥947,6,5682
K000941,2024-04-10,C0291,法人,OA用品,3324円,5,16620
K000942,2024/04/28,C0242,法人,食品・飲料,396円,5,1980
K000943,2024-12-19,C0195,個人,Stationery,560円,3,1680
K000944,R6.6.1,C0080,個人,OA 用品,1096,5,5480
K000945,2024/12/09,,法人,Stationery,¥998,2,1996
K000946,2024-07-11,C0283,法人,生活用品,1203,3,3609
K000947,2024-09-08,C0103,法人,OA用品,944円,3,2832
K000948,2024/12/21,C0043,個人,OA用品,1120,3,3360
K000949,R6.12.5,C0356,法人,オフィス家具,¥824,1,824
K000950,2024-10-01,C0020,法人,OA 用品,346,2,692
K000951,2024-07-06,C0219,法人,Stationery,676,4,2704
K000952,2024-10-14,C0229,個人,ＯＡ用品,1444円,4,5776
K000953,2024-11-07,C0191,法人,食品・飲料,1076,2,2152
K000954,2024-10-25,C0348,法人,生活 用品,1708円,6,10248
K000955,2024/02/28,C0079,法人,OA 用品,¥339,2,678
K000956,2024-05-17,,法人,オフィス家具,¥361,4,1444
K000957,2024-04-17,C0021,個人,Stationery,1258円,1,1258
K000958,2024-02-20,C0367,法人,OA 用品,565,2,1130
K000959,2024/08/09,C0377,法人,食品・飲料,"¥12,000",8,96000
K000960,R6.3.15,C0256,法人,文具,1241,4,4964
K000961,2024-04-15,C0254,個人,食品・飲料,"¥2,100",4,8400
K000962,R6.8.17,C0183,個人,生活用品,878,4,3512
K000963,R6.10.31,C0292,法人,ｵﾌｨｽ家具,¥523,5,2615
K000964,2024-02-23,C0084,法人,ＯＡ用品,276,3,828
K000965,2024-07-31,C0358,法人,Stationery,325,4,1300
K000966,2024/02/15,C0155,個人,文具,"¥1,029",2,2058
K000967,2024-04-01,C0240,法人,生活 用品,¥486,1,486
K000968,2024/02/28,C0121,法人,ＯＡ用品,672,3,2016
K000969,2024/08/01,C0358,法人,生活用品,886円,4,3544
K000970,2024/06/02,C0349,法人,文具,"¥1,051",1,1051
K000971,2024-12-18,C0041,法人,生活 用品,¥377,5,1885
K000972,2024-08-07,C0186,法人,生活 用品,653円,3,1959
K000973,R6.10.25,C0133,個人,生活 用品,2261円,7,15827
K000974,2024-05-19,C0382,個人,ぶんぐ,1017,4,4068
K000975,2024-03-08,C0021,法人,文具,¥506,3,1518
K000976,R6.4.21,C0189,法人,ぶんぐ,2020円,2,4040
K000977,R6.9.24,C0274,個人,Stationery,596,3,1788
K000978,2024-07-28,C0282,法人,生活 用品,632円,1,632
K000979,2024-06-14,C0082,個人,OA 用品,¥563,5,2815
K000980,2024-04-07,C0220,,生活用品,972,1,972
K000981,R6.2.8,C0274,法人,ぶんぐ,¥657,6,3942
K000982,2024/06/19,C0139,法人,OA用品,2036円,3,6108
K000983,2024/03/10,C0186,法人,食品飲料,660,1,660
K000984,2024/01/31,C0347,法人,食品・飲料,1084円,5,5420
K000985,R6.2.12,C0318,個人,Stationery,1140,4,4560
K000986,2024-12-24,C0149,個人,生活用品,"¥1,187",4,4748
K000987,2024-04-28,C0072,個人,OA用品,819,6,4914
K000988,2024-09-06,C0155,個人,文具,¥828,6,4968
K000989,2024-04-14,,個人,ｵﾌｨｽ家具,1025円,4,4100
K000990,2024-06-22,C0302,個人,Stationery,¥603,4,2412
K000991,2024-07-06,C0291,法人,OA 用品,345円,9,3105
K000992,R6.10.23,C0298,法人,食品飲料,626円,2,1252
K000993,2024-12-06,C0392,法人,生活 用品,¥769,4,3076
K000994,R6.12.30,C0306,個人,ぶんぐ,702,3,2106
K000995,R6.12.29,C0156,個人,ｵﾌｨｽ家具,725,4,2900
K000996,2024/05/26,,個人,文具,687円,3,2061
K000997,2024-07-26,,法人,生活用品,¥351,3,1053
K000998,2024-02-08,C0041,法人,OA用品,¥397,3,1191
K000999,R6.1.5,C0086,法人,オフィス家具,1175,5,5875
K001000,2024/05/01,C0031,法人,Stationery,616,4,2464
K001001,2024/04/28,,,文具,¥478,2,956
K001002,2024/08/07,C0246,個人,ＯＡ用品,517,2,1034
K001003,2024-06-07,C0197,法人,OA 用品,"¥1,191",6,7146
K001004,2024/08/28,,法人,生活 用品,681,3,2043
K001005,2024-04-24,C0324,法人,Stationery,¥735,2,1470
K001006,2024-06-21,C0073,法人,OA用品,790,2,1580
K001007,2024/09/09,C0257,個人,文具,1448円,3,4344
K001008,R6.3.21,C0101,法人,OA 用品,556円,4,2224
K001009,2024/03/01,C0179,個人,食品飲料,"¥2,103",3,6309
K001010,2024-09-22,C0295,法人,ぶんぐ,820円,2,1640
K001011,2024-01-30,C0070,法人,生活用品,953円,4,3812
K001012,R6.11.2,C0357,個人,Stationery,¥429,4,1716
K001013,2024-07-21,C0289,法人,生活用品,465円,2,930
K001014,2024-10-09,C0211,個人,OA 用品,¥470,3,1410
K001015,2024-09-21,C0166,個人,文具,¥733,8,5864
K001016,R6.5.12,C0344,個人,生活用品,1086円,5,5430
K001017,2024/03/08,C0382,法人,生活 用品,¥864,2,1728
K001018,2024-10-06,C0160,法人,Stationery,¥649,3,1947
K001019,R6.1.26,C0172,法人,ぶんぐ,622円,5,3110
K001020,2024-09-24,C0149,法人,ぶんぐ,733円,2,1466
K001021,2024/04/15,C0011,法人,OA用品,"¥1,388",3,4164
K001022,R6.12.29,C0105,法人,食品飲料,629円,3,1887
K001023,2024-10-04,C0095,個人,生活用品,¥623,4,2492
K001024,R6.4.28,C0017,法人,文具,¥414,2,828
K001025,2024-06-17,,個人,文具,704円,4,2816
K001026,2024-12-04,,法人,ＯＡ用品,"¥1,921",2,3842
K001027,2024-03-05,C0097,法人,OA 用品,¥485,2,970
K001028,2024-03-14,C0273,個人,ぶんぐ,1048,4,4192
K001029,2024-07-11,C0182,個人,ＯＡ用品,¥609,2,1218
K001030,R6.4.16,C0108,法人,食品・飲料,1215円,4,4860
K001031,2024/07/07,C0245,法人,文具,472円,3,1416
K001032,2024/08/20,C0041,個人,ぶんぐ,¥322,1,322
K001033,2024-10-27,,個人,生活用品,"¥1,096",4,4384
K001034,2024/09/12,C0338,,Stationery,685,7,4795
K001035,2024/07/05,C0231,,ぶんぐ,¥539,6,3234
K001036,2024-08-31,,法人,文具,551,2,1102
K001037,2024-11-27,C0384,法人,生活 用品,908,5,4540
K001038,2024-04-11,,法人,Stationery,782円,2,1564
K001039,2024/05/14,C0376,法人,文具,871円,1,871
K001040,2024-04-02,C0326,法人,オフィス家具,991円,3,2973
K001041,2024-02-14,C0268,個人,生活 用品,"¥1,076",3,3228
K001042,2024-09-25,C0074,,生活用品,501円,4,2004
K001043,2024-09-12,C0100,法人,OA 用品,¥742,4,2968
K001044,2024/08/16,C0150,法人,食品・飲料,604,4,2416
K001045,2024/02/11,C0355,,Stationery,659,1,659
K001046,2024/07/24,C0294,法人,OA 用品,1125円,2,2250
K001047,2024/03/12,C0237,法人,ＯＡ用品,"¥2,030",6,12180
K001048,R6.10.8,C0345,個人,OA 用品,557,3,1671
K001049,2024/06/03,C0125,法人,文具,859円,7,6013
K001050,R6.5.5,C0273,法人,文具,857,3,2571
K001051,2024/12/14,C0087,法人,食品・飲料,765,2,1530
K001052,R6.2.8,C0257,法人,文具,1024,5,5120
K001053,2024-11-13,,法人,OA 用品,¥987,4,3948
K001054,2024-06-27,C0123,法人,食品・飲料,718円,2,1436
K001055,2024-11-21,C0175,法人,Stationery,799円,3,2397
K001056,2024/04/07,C0264,法人,OA用品,"¥1,387",5,6935
K001057,2024-03-08,C0051,法人,OA用品,¥703,2,1406
K001058,2024/12/21,C0329,個人,ぶんぐ,1332円,4,5328
K001059,2024-04-23,C0187,法人,Stationery,1195円,2,2390
K001060,2024-02-16,C0392,法人,ｵﾌｨｽ家具,960,2,1920
K001061,2024/11/12,C0239,,OA用品,384円,3,1152
K001062,2024-12-18,C0116,個人,文具,¥287,4,1148
K001063,2024-11-11,C0338,法人,ぶんぐ,584円,1,584
K001064,2024-09-25,C0046,法人,オフィス家具,1181円,4,4724
K001065,2024/08/05,C0226,法人,生活用品,858円,3,2574
K001066,2024-05-04,C0188,法人,OA用品,632,3,1896
K001067,2024-02-17,,個人,文具,1199円,7,8393
K001068,2024-01-07,C0100,法人,生活用品,453,5,2265
K001069,2024-08-13,C0029,個人,Stationery,¥771,3,2313
K001070,2024-08-02,C0373,個人,生活 用品,¥603,5,3015
K001071,R6.1.4,C0031,法人,ぶんぐ,519,8,4152
K001072,2024-03-08,C0283,個人,食品飲料,¥221,7,1547
K001073,2024-07-03,C0072,法人,生活 用品,"¥1,082",4,4328
K001074,R6.5.24,C0117,個人,OA 用品,¥283,6,1698
K001075,2024/08/30,C0260,個人,ＯＡ用品,1689,5,8445
K001076,2024/04/02,C0353,個人,ＯＡ用品,1316円,2,2632
K001077,2024-01-01,C0392,法人,オフィス家具,¥646,6,3876
K001078,R6.7.18,C0384,個人,OA 用品,894円,4,3576
K001079,2024/05/17,,法人,オフィス家具,¥353,2,706
K001080,2024-12-11,C0196,,ぶんぐ,860円,1,860
K001081,2024-02-20,C0239,個人,OA用品,441,6,2646
K001082,2024/03/15,C0329,法人,生活 用品,¥814,4,3256
K001083,2024-04-21,C0217,法人,ＯＡ用品,1664円,4,6656
K001084,2024-07-09,C0198,法人,食品・飲料,839円,2,1678
K001085,R6.7.2,,法人,OA用品,¥688,2,1376
K001086,2024/05/22,C0316,法人,Stationery,766,4,3064
K001087,2024-04-18,C0175,個人,食品・飲料,257円,7,1799
K001088,2024-06-01,C0245,個人,OA用品,702円,4,2808
K001089,2024-04-03,C0145,個人,OA用品,686,6,4116
K001090,R6.6.22,C0347,個人,オフィス家具,¥520,4,2080
K001091,2024/02/19,C0202,個人,生活用品,¥954,4,3816
K001092,2024-11-15,C0320,個人,文具,377,2,754
K001093,2024-01-09,C0254,個人,生活用品,¥283,3,849
K001094,R6.8.19,,法人,OA 用品,¥796,3,2388
K001095,R6.10.18,C0071,法人,OA 用品,1528,1,1528
K001096,R6.11.16,C0120,個人,ぶんぐ,924,7,6468
K001097,2024-05-08,C0206,個人,食品飲料,¥490,3,1470
K001098,2024-06-25,C0198,法人,食品飲料,3528円,7,24696
K001099,2024-12-20,C0062,法人,OA用品,444,4,1776
K001100,2024/10/04,C0021,法人,OA 用品,714円,3,2142
K001101,2024-03-21,C0147,個人,食品飲料,1035,4,4140
K001102,R6.7.28,C0186,法人,文具,435円,3,1305
K001103,2024-12-19,C0315,,文具,612,4,2448
K001104,2024-08-13,C0084,個人,OA 用品,605円,4,2420
K001105,2024-10-26,C0389,個人,OA 用品,1232,3,3696
K001106,2024-07-18,C0168,法人,ぶんぐ,¥597,2,1194
K001107,2024-09-06,C0355,個人,Stationery,¥594,1,594
K001108,2024-10-08,C0288,法人,文具,1584,5,7920
K001109,2024/05/17,C0239,個人,Stationery,¥895,3,2685
K001110,2024-05-25,C0307,法人,Stationery,"¥1,376",2,2752
K001111,R6.5.24,C0227,法人,ぶんぐ,¥938,2,1876
K001112,2024-08-21,C0392,法人,文具,407,4,1628
K001113,2024-03-17,C0129,法人,OA用品,560円,2,1120
K001114,2024-01-25,C0125,個人,文具,406,3,1218
K001115,2024-07-05,C0192,個人,生活 用品,677,4,2708
K001116,2024-11-14,C0289,,OA用品,1075,5,5375
K001117,2024/06/11,C0178,法人,ぶんぐ,513円,8,4104
K001118,2024/03/23,C0367,個人,オフィス家具,766円,3,2298
K001119,2024-12-07,C0361,個人,生活 用品,967円,2,1934
K001120,2024-05-20,C0364,法人,ＯＡ用品,932,3,2796
K001121,R6.8.4,C0272,法人,文具,499円,4,1996
K001122,2024-01-04,C0272,個人,オフィス家具,539円,1,539
K001123,2024-06-12,C0206,法人,生活用品,"¥2,090",1,2090
K001124,2024/11/23,C0329,法人,生活用品,"¥1,008",4,4032
K001125,2024/12/01,C0052,個人,生活用品,606,2,1212
K001126,2024-11-14,C0373,個人,ＯＡ用品,"¥1,469",2,2938
K001127,2024-10-21,C0028,個人,OA用品,669円,8,5352
K001128,2024-12-28,,個人,ぶんぐ,928円,4,3712
K001129,2024/04/26,,個人,ぶんぐ,1390,4,5560
K001130,2024/10/15,C0295,個人,生活 用品,¥484,4,1936
K001131,2024-07-23,,個人,OA用品,¥678,5,3390
K001132,2024-01-10,C0203,法人,文具,381,5,1905
K001133,2024-01-15,C0269,個人,Stationery,1018,3,3054
K001134,2024/08/18,,個人,Stationery,222,3,666
K001135,2024-10-05,C0154,個人,生活 用品,¥407,6,2442
K001136,2024/01/06,C0070,法人,文具,1029円,3,3087
K001137,R6.1.26,C0319,法人,文具,¥243,9,2187
K001138,2024-05-29,C0328,個人,ＯＡ用品,545円,4,2180
K001139,R6.6.14,C0196,個人,ぶんぐ,334円,3,1002
K001140,R6.10.21,C0046,個人,ｵﾌｨｽ家具,848,1,848
K001141,2024-06-09,C0034,法人,ＯＡ用品,"¥1,072",2,2144
K001142,2024/09/18,C0266,個人,ＯＡ用品,1155円,4,4620
K001143,2024-12-26,,個人,食品・飲料,¥526,4,2104
K001144,2024/06/24,C0139,個人,生活用品,635,6,3810
K001145,2024/12/09,C0293,法人,ぶんぐ,657,4,2628
K001146,2024-11-02,C0274,法人,Stationery,662,2,1324
K001147,2024-11-19,C0395,法人,OA用品,1020円,3,3060
K001148,R6.8.20,C0157,法人,Stationery,563円,4,2252
K001149,R6.6.6,C0196,法人,生活用品,588円,5,2940
K001150,R6.12.22,C0036,個人,生活 用品,¥768,4,3072
K001151,R6.5.5,C0020,法人,Stationery,¥821,2,1642
K001152,2024-02-11,C0090,法人,食品飲料,¥957,4,3828
K001153,2024/09/17,C0292,個人,ＯＡ用品,¥889,1,889
K001154,2024-05-28,C0062,個人,Stationery,1222,3,3666
K001155,2024-09-12,C0340,,ｵﾌｨｽ家具,828,2,1656
K001156,R6.7.7,C0360,法人,オフィス家具,514,1,514
K001157,2024-07-16,C0297,法人,生活 用品,¥374,3,1122
K001158,2024-11-04,C0143,法人,食品飲料,¥237,6,1422
K001159,2024-09-13,C0391,法人,食品飲料,"¥1,368",2,2736
K001160,R6.7.4,C0223,個人,OA 用品,¥427,7,2989
K001161,R6.2.1,C0228,,OA用品,¥273,3,819
K001162,2024-07-07,C0292,個人,文具,"¥1,047",1,1047
K001163,2024-11-02,C0117,法人,ＯＡ用品,751円,3,2253
K001164,R6.5.17,C0047,法人,文具,678円,3,2034
K001165,2024-10-16,C0065,個人,Stationery,¥347,3,1041
K001166,2024-09-17,C0219,個人,生活用品,788,1,788
K001167,2024/10/06,,法人,ぶんぐ,993,2,1986
K001168,2024-10-13,C0340,法人,文具,"¥1,309",3,3927
K001169,2024-08-11,C0126,個人,オフィス家具,"¥1,120",5,5600
K001170,2024/10/03,C0262,個人,OA 用品,541円,4,2164
K001171,2024/06/16,C0073,法人,OA用品,1313,3,3939
K001172,2024-11-16,,個人,生活用品,1046,1,1046
K001173,R6.10.23,C0397,個人,ぶんぐ,¥638,3,1914
K001174,2024-11-09,C0215,,Stationery,"¥1,630",5,8150
K001175,2024/01/27,C0068,法人,ＯＡ用品,"¥1,320",2,2640
K001176,2024-03-14,C0318,法人,Stationery,676円,2,1352
K001177,2024/06/19,C0175,法人,オフィス家具,827,5,4135
K001178,2024-07-04,C0052,法人,食品飲料,¥613,6,3678
K001179,2024-11-28,C0338,個人,生活用品,1425円,4,5700
K001180,2024/08/13,C0356,法人,生活 用品,¥918,3,2754
K001181,R6.9.29,,法人,ぶんぐ,498,2,996
K001182,R6.1.3,C0033,個人,OA 用品,"¥1,830",5,9150
K001183,2024/10/28,,法人,食品・飲料,907円,1,907
K001184,2024/11/14,C0198,個人,生活 用品,704円,4,2816
K001185,R6.10.7,C0055,法人,OA 用品,512,3,1536
K001186,2024-01-26,C0137,法人,ｵﾌｨｽ家具,¥431,4,1724
K001187,2024-11-29,C0156,,文具,¥986,2,1972
K001188,2024/01/02,C0271,個人,文具,¥686,4,2744
K001189,R6.6.17,C0261,個人,ぶんぐ,"¥1,021",1,1021
K001190,2024/08/23,C0097,法人,食品・飲料,¥257,4,1028
K001191,2024/05/26,C0178,個人,Stationery,727,2,1454
K001192,2024/06/28,C0203,法人,食品・飲料,523円,6,3138
K001193,2024-03-23,C0209,法人,ぶんぐ,"¥1,355",3,4065
K001194,2024-03-24,C0087,個人,生活用品,1032円,3,3096
K001195,2024-02-04,C0233,法人,ＯＡ用品,409円,4,1636
K001196,R6.2.23,C0213,個人,Stationery,766円,1,766
K001197,2024-12-22,C0240,個人,オフィス家具,805円,2,1610
K001198,2024-09-09,C0227,法人,オフィス家具,718,3,2154
K001199,2024/04/19,C0351,法人,ｵﾌｨｽ家具,¥770,3,2310
K001200,2024/06/23,C0248,法人,オフィス家具,735,4,2940
K001201,2024-11-18,C0254,法人,ｵﾌｨｽ家具,¥843,5,4215
K001202,2024/12/14,,個人,生活 用品,440,3,1320
K001203,2024-01-17,C0294,法人,ＯＡ用品,660円,2,1320
K001204,R6.9.22,C0045,個人,食品飲料,882,5,4410
K001205,R6.10.16,C0026,法人,OA 用品,¥702,3,2106
K001206,2024-04-29,C0124,法人,文具,1012,6,6072
K001207,R6.11.12,C0183,個人,食品飲料,¥554,5,2770
K001208,2024-01-13,C0253,個人,Stationery,"¥1,086",5,5430
K001209,2024-05-19,C0270,個人,OA用品,782円,3,2346
K001210,2024-04-22,C0124,個人,オフィス家具,¥806,3,2418
K001211,2024/03/18,C0168,個人,生活 用品,689,4,2756
K001212,2024/11/30,C0036,個人,文具,¥388,5,1940
K001213,2024-03-12,C0062,法人,Stationery,350円,5,1750
K001214,2024-12-16,C0091,個人,OA 用品,871,3,2613
K001215,2024-12-24,C0166,個人,OA用品,¥463,4,1852
K001216,2024-11-02,C0365,個人,生活 用品,¥759,3,2277
K001217,2024/07/17,C0217,個人,ぶんぐ,540,3,1620
K001218,2024/03/27,C0324,法人,生活 用品,1246円,6,7476
K001219,2024-03-09,C0176,法人,生活用品,¥793,4,3172
K001220,R6.12.31,C0248,個人,生活用品,592,4,2368
K001221,2024-10-04,C0099,法人,生活用品,613円,2,1226
K001222,2024/10/06,C0127,法人,オフィス家具,"¥1,272",5,6360
K001223,2024-08-22,C0274,個人,ＯＡ用品,698,4,2792
K001224,2024/03/02,C0096,個人,生活 用品,839円,3,2517
K001225,R6.10.11,,個人,Stationery,¥455,6,2730
K001226,R6.11.28,C0285,法人,オフィス家具,¥633,5,3165
K001227,2024/12/02,C0034,法人,生活 用品,1217,1,1217
K001228,2024/04/06,C0355,個人,生活 用品,822,5,4110
K001229,2024-12-20,C0361,法人,文具,1312,5,6560
K001230,R6.8.26,C0181,個人,ぶんぐ,¥459,3,1377
K001231,2024-02-09,,法人,食品飲料,342,4,1368
K001232,2024/08/04,C0115,法人,生活 用品,789,1,789
K001233,2024-11-24,C0090,個人,文具,1239円,4,4956
K001234,R6.12.10,C0071,法人,OA用品,886,1,886
K001235,2024-03-16,C0195,法人,生活 用品,¥673,3,2019
K001236,2024/09/27,,法人,生活用品,590,4,2360
K001237,2024-02-25,C0379,個人,ＯＡ用品,691円,3,2073
K001238,2024-05-26,C0122,法人,文具,708,4,2832
K001239,2024/12/20,C0356,個人,Stationery,¥584,2,1168
K001240,2024/05/05,C0275,法人,Stationery,379,2,758
K001241,2024/01/21,C0114,個人,文具,"¥1,373",3,4119
K001242,2024-03-29,C0066,個人,Stationery,¥294,4,1176
K001243,R6.2.25,,個人,オフィス家具,¥720,5,3600
K001244,2024/12/14,C0189,個人,ｵﾌｨｽ家具,¥525,3,1575
K001245,2024-07-27,C0191,法人,OA用品,687,3,2061
K001246,2024/08/02,,法人,生活用品,405,3,1215
K001247,2024/09/19,C0179,法人,文具,¥579,4,2316
K001248,2024-03-31,C0114,法人,ぶんぐ,525,2,1050
K001249,2024/03/16,C0347,法人,オフィス家具,372,3,1116
K001250,R6.2.22,C0028,,OA 用品,317円,2,634
K001251,R6.11.11,C0184,法人,ぶんぐ,¥782,3,2346
K001252,R6.8.31,C0370,個人,食品飲料,"¥1,037",1,1037
K001253,2024-03-06,C0326,法人,オフィス家具,580円,4,2320
K001254,2024-05-16,C0179,法人,ＯＡ用品,"¥1,762",6,10572
K001255,2024-07-04,C0338,法人,OA 用品,1120,1,1120
K001256,2024/05/25,C0071,,OA 用品,475,3,1425
K001257,2024-09-26,C0309,法人,ぶんぐ,1589,4,6356
K001258,2024-02-29,,個人,Stationery,1451,3,4353
K001259,R6.5.17,C0275,法人,オフィス家具,677円,2,1354
K001260,2024-03-22,C0242,法人,OA 用品,"¥1,338",2,2676
K001261,2024-01-02,C0118,法人,OA用品,742,1,742
K001262,2024-06-17,C0115,法人,ぶんぐ,616,1,616
K001263,2024-07-25,C0066,法人,ぶんぐ,554円,2,1108
K001264,2024-03-26,C0286,法人,食品飲料,815,3,2445
K001265,2024-07-23,C0203,個人,食品飲料,884,4,3536
K001266,2024/01/05,C0322,個人,生活用品,¥998,3,2994
K001267,2024-04-02,C0008,法人,文具,467,7,3269
K001268,2024-11-19,C0027,個人,ぶんぐ,738,2,1476
K001269,2024-04-24,C0394,個人,ぶんぐ,162円,4,648
K001270,2024/10/14,C0138,個人,生活 用品,1361,2,2722
K001271,2024-10-31,C0396,法人,Stationery,739円,1,739
K001272,2024-10-25,C0240,,Stationery,¥914,4,3656
K001273,2024-07-09,C0164,個人,文具,¥641,4,2564
K001274,2024-02-19,C0215,個人,生活 用品,¥510,4,2040
K001275,2024-08-21,C0261,法人,OA 用品,¥543,8,4344
K001276,2024-12-05,C0156,,生活用品,"¥1,296",3,3888
K001277,2024-06-13,C0164,個人,ぶんぐ,"¥1,756",1,1756
K001278,2024-09-06,C0251,法人,ぶんぐ,¥656,4,2624
K001279,2024/07/29,C0394,法人,生活用品,¥423,4,1692
K001280,2024/05/11,C0144,個人,ぶんぐ,1013円,3,3039
K001281,2024/04/06,C0285,法人,生活 用品,299円,2,598
K001282,2024-08-20,C0196,,OA用品,546,5,2730
K001283,2024-02-07,C0106,個人,ぶんぐ,303,5,1515
K001284,2024/04/09,C0375,個人,文具,¥809,8,6472
K001285,2024-12-27,C0170,,生活用品,"¥1,184",3,3552
K001286,2024/06/12,C0313,個人,ぶんぐ,549円,5,2745
K001287,2024/03/14,C0281,法人,食品飲料,"¥1,394",4,5576
K001288,2024-04-03,C0046,法人,ぶんぐ,387,1,387
K001289,2024-08-21,C0241,法人,Stationery,"¥1,660",5,8300
K001290,2024-07-16,C0361,法人,オフィス家具,1023,3,3069
K001291,2024-12-21,,法人,文具,749円,3,2247
K001292,R6.3.14,C0281,法人,食品飲料,762円,3,2286
K001293,2024-08-19,C0117,個人,OA用品,¥959,5,4795
K001294,2024-10-22,,,ぶんぐ,549,2,1098
K001295,2024-05-18,C0259,法人,ぶんぐ,388,4,1552
K001296,R6.5.14,,法人,OA用品,"¥1,047",4,4188
K001297,R6.6.1,C0188,法人,生活用品,¥367,1,367
K001298,2024/12/02,C0333,法人,文具,1088,2,2176
K001299,R6.9.28,C0152,個人,OA用品,589円,4,2356
K001300,2024-08-07,C0195,法人,ＯＡ用品,"¥1,231",2,2462
K001301,R6.6.16,C0069,法人,ｵﾌｨｽ家具,"¥1,471",4,5884
K001302,2024-04-07,C0117,個人,生活 用品,1201,2,2402
K001303,2024-08-22,C0343,個人,Stationery,"¥4,516",2,9032
K001304,2024-10-04,C0196,法人,OA用品,"¥1,378",2,2756
K001305,2024-02-14,C0010,法人,生活用品,"¥1,144",5,5720
K001306,2024/12/22,C0189,法人,食品・飲料,1057円,1,1057
K001307,2024-05-21,C0156,個人,OA用品,519,4,2076
K001308,2024/05/17,C0372,個人,食品・飲料,981円,7,6867
K001309,2024-11-17,C0332,法人,文具,901円,2,1802
K001310,2024-11-24,C0214,個人,生活 用品,1317円,1,1317
K001311,2024-06-11,C0363,法人,食品・飲料,¥456,5,2280
K001312,2024-12-27,C0273,個人,ＯＡ用品,¥340,8,2720
K001313,R6.5.12,C0239,法人,ｵﾌｨｽ家具,¥340,2,680
K001314,2024-08-24,,法人,文具,923,1,923
K001315,2024-05-03,C0397,法人,生活用品,¥482,4,1928
K001316,2024/03/16,C0071,法人,ｵﾌｨｽ家具,384,2,768
K001317,2024-06-29,C0293,法人,OA 用品,¥505,6,3030
K001318,2024/10/06,C0051,個人,OA 用品,"¥1,147",2,2294
K001319,2024-07-06,C0155,個人,Stationery,1240円,3,3720
K001320,2024-07-28,C0388,,生活 用品,399,5,1995
K001321,2024-10-20,C0075,法人,OA 用品,"¥1,326",5,6630
K001322,R6.9.17,,個人,OA 用品,¥627,7,4389
K001323,2024-05-09,C0167,法人,文具,1019,3,3057
K001324,2024-12-13,C0253,法人,オフィス家具,672,3,2016
K001325,2024/03/26,C0189,法人,ぶんぐ,¥695,2,1390
K001326,2024/02/07,C0341,個人,生活 用品,¥823,3,2469
K001327,2024-10-13,C0392,個人,文具,863,2,1726
K001328,2024-08-09,,法人,Stationery,¥248,5,1240
K001329,2024-07-01,C0084,個人,文具,329,3,987
K001330,2024-09-10,C0392,法人,OA 用品,¥450,5,2250
K001331,2024-09-02,,法人,生活用品,750円,6,4500
K001332,2024/02/10,C0333,,文具,1143,1,1143
K001333,R6.8.23,C0125,法人,ＯＡ用品,¥831,4,3324
K001334,2024-05-09,C0258,個人,文具,540円,9,4860
K001335,2024-05-18,C0256,法人,ＯＡ用品,542円,4,2168
K001336,R6.4.1,C0113,法人,Stationery,¥443,5,2215
K001337,2024-06-23,C0048,法人,文具,521円,2,1042
K001338,2024-08-11,C0248,個人,ＯＡ用品,¥522,4,2088
K001339,2024-01-15,C0084,個人,OA用品,"¥1,943",2,3886
K001340,2024/02/10,C0086,個人,文具,788,3,2364
K001341,R6.6.15,C0205,個人,オフィス家具,574円,2,1148
K001342,2024-10-24,C0256,法人,Stationery,¥629,2,1258
K001343,2024-02-28,C0312,個人,食品・飲料,"¥1,326",3,3978
K001344,2024-04-07,C0270,法人,Stationery,¥464,3,1392
K001345,2024/04/28,C0094,法人,食品・飲料,¥546,2,1092
K001346,R6.5.7,C0251,法人,Stationery,486,3,1458
K001347,2024-04-07,C0175,個人,食品飲料,"¥1,160",3,3480
K001348,2024/07/10,C0320,個人,ぶんぐ,"¥1,163",3,3489
K001349,2024/12/15,C0034,法人,ぶんぐ,674円,4,2696
K001350,R6.12.8,,個人,ぶんぐ,¥644,3,1932
K001351,R6.8.11,C0019,法人,ｵﾌｨｽ家具,¥729,6,4374
K001352,2024-07-28,,個人,文具,"¥1,198",2,2396
K001353,2024-08-11,C0346,法人,文具,1173,5,5865
K001354,2024-02-15,C0084,法人,ｵﾌｨｽ家具,"¥1,192",6,7152
K001355,2024/07/19,,法人,ぶんぐ,¥286,3,858
K001356,2024-03-28,C0234,法人,OA 用品,766円,2,1532
K001357,2024-01-20,C0123,,ＯＡ用品,1513円,2,3026
K001358,2024-05-25,C0133,個人,文具,809,4,3236
K001359,2024/08/27,C0313,個人,食品飲料,1458円,6,8748
K001360,2024-12-27,C0207,法人,OA 用品,1509円,1,1509
K001361,2024-02-06,C0338,法人,文具,¥245,3,735
K001362,2024/10/20,C0166,,ｵﾌｨｽ家具,378,4,1512
K001363,R6.1.30,C0378,個人,生活 用品,358円,3,1074
K001364,2024/11/29,C0071,法人,ぶんぐ,680,1,680
K001365,2024/12/11,C0167,法人,Stationery,414円,5,2070
K001366,2024/02/17,C0155,法人,食品飲料,"¥1,497",3,4491
K001367,2024/05/24,C0186,法人,OA 用品,240円,1,240
K001368,2024-09-22,C0285,個人,ＯＡ用品,"¥1,865",4,7460
K001369,2024-01-07,C0344,法人,ＯＡ用品,¥996,3,2988
K001370,2024-07-16,C0036,法人,生活 用品,127円,3,381
K001371,2024/07/12,C0062,個人,ＯＡ用品,"¥1,220",1,1220
K001372,R6.2.7,C0115,個人,生活用品,902,5,4510
K001373,2024-12-09,C0025,法人,OA用品,"¥1,276",2,2552
K001374,2024-04-04,C0329,法人,ぶんぐ,"¥1,357",5,6785
K001375,2024-12-21,C0087,個人,OA用品,1308,2,2616
K001376,2024-08-22,,法人,生活用品,973,3,2919
K001377,R6.12.5,,個人,ＯＡ用品,998,7,6986
K001378,2024-07-10,C0215,法人,OA用品,667円,3,2001
K001379,2024/08/03,C0234,法人,ぶんぐ,1661円,5,8305
K001380,2024/09/16,C0350,法人,オフィス家具,362円,2,724
K001381,2024/01/23,C0277,個人,OA用品,634,2,1268
K001382,2024-10-19,C0379,個人,文具,786,4,3144
K001383,2024-08-19,C0170,法人,OA 用品,306,1,306
K001384,R6.1.29,C0148,法人,OA 用品,¥347,5,1735
K001385,2024-06-25,C0067,個人,ぶんぐ,551円,2,1102
K001386,2024-09-06,C0268,法人,ぶんぐ,467円,5,2335
K001387,2024-02-15,C0326,法人,OA用品,1468,4,5872
K001388,2024-09-12,C0043,法人,ぶんぐ,¥545,3,1635
K001389,2024-07-30,C0197,個人,Stationery,1504円,6,9024
K001390,2024/02/12,C0069,法人,ＯＡ用品,¥932,5,4660
K001391,2024/12/28,C0225,個人,生活 用品,1001円,3,3003
K001392,2024-10-14,C0154,個人,ＯＡ用品,1654,3,4962
K001393,2024-11-05,C0012,個人,OA用品,¥193,1,193
K001394,2024-08-27,,個人,食品・飲料,¥648,5,3240
K001395,2024/07/23,C0328,法人,生活 用品,635,3,1905
K001396,2024-12-10,C0333,法人,生活 用品,905円,3,2715
K001397,R6.5.27,C0288,法人,オフィス家具,¥451,3,1353
K001398,2024-07-05,C0301,法人,OA用品,"¥1,444",1,1444
K001399,2024/08/19,C0115,法人,Stationery,707円,4,2828
K001400,2024/06/13,C0399,法人,文具,275円,4,1100
K001401,2024-01-19,C0240,法人,ぶんぐ,¥697,7,4879
K001402,2024-07-14,C0319,個人,ぶんぐ,749円,3,2247
K001403,2024-01-03,C0294,個人,ｵﾌｨｽ家具,806円,3,2418
K001404,2024/01/02,C0393,法人,OA 用品,525円,5,2625
K001405,2024-11-03,C0328,個人,ぶんぐ,1052,4,4208
K001406,2024-02-09,C0029,法人,生活用品,"¥2,148",4,8592
K001407,2024/08/14,C0255,個人,ＯＡ用品,785,2,1570
K001408,R6.11.10,C0361,法人,OA 用品,906,2,1812
K001409,2024-10-06,C0275,法人,ぶんぐ,854円,1,854
K001410,2024-12-20,C0123,個人,生活用品,1149円,2,2298
K001411,2024/06/13,C0313,法人,ぶんぐ,1124,4,4496
K001412,2024-02-14,C0215,法人,Stationery,¥595,2,1190
K001413,2024/11/25,C0113,個人,OA用品,401,2,802
K001414,2024/09/06,C0269,法人,OA用品,883,5,4415
K001415,2024/07/15,C0009,個人,OA 用品,474,4,1896
K001416,2024-06-10,C0377,個人,食品飲料,632,6,3792
K001417,2024-01-07,C0130,個人,ぶんぐ,539円,3,1617
K001418,R6.12.1,C0176,個人,ｵﾌｨｽ家具,360円,2,720
K001419,2024-03-21,C0124,法人,OA 用品,1323円,2,2646
K001420,2024/12/07,C0187,法人,生活 用品,2149,2,4298
K001421,2024/03/17,C0073,法人,オフィス家具,1280円,6,7680
K001422,R6.2.24,C0345,個人,生活 用品,685,2,1370
K001423,R6.10.17,C0112,法人,生活 用品,"¥1,116",4,4464
K001424,2024-05-02,,,生活 用品,812円,2,1624
K001425,2024/03/10,C0215,個人,ぶんぐ,¥241,3,723
K001426,2024-08-04,C0365,個人,OA用品,¥440,3,1320
K001427,2024-12-29,C0226,法人,生活 用品,¥424,2,848
K001428,2024-11-08,C0346,個人,生活用品,¥485,4,1940
K001429,2024-04-06,C0191,法人,食品飲料,786,3,2358
K001430,R6.4.4,C0021,法人,OA用品,"¥1,229",1,1229
K001431,2024-08-07,C0282,法人,Stationery,"¥1,868",2,3736
K001432,2024/12/23,C0252,法人,生活 用品,459円,2,918
K001433,2024-02-15,C0016,法人,ぶんぐ,¥436,1,436
K001434,2024/04/14,C0040,法人,オフィス家具,509円,2,1018
K001435,R6.2.11,C0014,個人,文具,1035,3,3105
K001436,2024-04-24,C0087,個人,OA 用品,1042円,6,6252
K001437,R6.3.25,C0027,個人,オフィス家具,¥502,4,2008
K001438,2024/06/26,C0315,個人,Stationery,530,4,2120
K001439,R6.12.25,C0016,法人,Stationery,659円,3,1977
K001440,2024-12-02,C0234,法人,Stationery,831円,7,5817
K001441,2024/03/21,,法人,食品・飲料,815,3,2445
K001442,R6.10.31,C0108,法人,生活用品,"¥1,034",1,1034
K001443,2024-06-03,C0185,法人,オフィス家具,¥296,5,1480
K001444,2024-10-06,C0376,個人,OA 用品,"¥1,221",6,7326
K001445,2024-07-01,C0174,法人,食品飲料,870円,2,1740
K001446,2024-11-28,C0161,個人,文具,¥171,3,513
K001447,2024/04/14,C0172,個人,オフィス家具,515円,2,1030
K001448,R6.8.31,C0205,法人,文具,700円,2,1400
K001449,2024-01-03,C0139,個人,ｵﾌｨｽ家具,¥665,6,3990
K001450,2024/07/11,C0348,個人,ぶんぐ,719,2,1438
K001451,2024/08/14,,法人,Stationery,¥723,1,723
K001452,2024-12-10,C0362,個人,食品・飲料,¥688,3,2064
K001453,2024-02-28,C0200,法人,Stationery,¥998,4,3992
K001454,2024/07/05,C0173,法人,食品飲料,¥522,7,3654
K001455,2024/02/11,C0202,,ｵﾌｨｽ家具,"¥1,561",5,7805
K001456,2024-06-17,C0361,個人,オフィス家具,¥605,1,605
K001457,2024-03-04,C0177,法人,オフィス家具,¥882,3,2646
K001458,2024/10/29,,法人,食品・飲料,¥903,3,2709
K001459,2024-09-30,C0323,法人,ぶんぐ,¥542,2,1084
K001460,R6.10.17,C0296,法人,食品・飲料,¥711,4,2844
K001461,2024/10/12,C0233,法人,文具,449,1,449
K001462,2024-03-09,C0329,法人,Stationery,2184,3,6552
K001463,2024/03/22,C0281,個人,食品・飲料,"¥1,268",2,2536
K001464,2024-02-09,C0171,法人,ぶんぐ,¥914,5,4570
K001465,2024-08-01,C0098,法人,OA 用品,551円,2,1102
K001466,R6.3.17,C0179,法人,生活用品,"¥1,257",4,5028
K001467,2024-01-12,C0276,法人,文具,524,4,2096
K001468,2024-09-29,C0342,個人,生活 用品,¥876,3,2628
K001469,2024/08/10,C0069,個人,ｵﾌｨｽ家具,1422,2,2844
K001470,2024-04-01,C0079,個人,ｵﾌｨｽ家具,¥581,4,2324
K001471,2024-07-26,C0225,法人,Stationery,¥717,3,2151
K001472,2024-07-22,C0209,法人,オフィス家具,590円,3,1770
K001473,2024/01/17,C0356,法人,生活用品,1267円,6,7602
K001474,R6.5.13,C0052,個人,Stationery,¥278,1,278
K001475,R6.6.22,C0321,個人,食品飲料,"¥1,475",3,4425
K001476,2024/08/08,C0191,法人,食品飲料,587,3,1761
K001477,2024-07-29,C0213,法人,文具,1415,1,1415
K001478,2024/03/31,C0159,,食品・飲料,644円,2,1288
K001479,2024/02/22,C0391,法人,食品飲料,619,2,1238
K001480,2024/08/08,C0068,法人,ぶんぐ,746,4,2984
K001481,2024-12-26,C0077,法人,生活 用品,1160円,4,4640
K001482,R6.12.26,C0192,法人,食品飲料,"¥1,033",4,4132
K001483,2024/03/13,C0059,個人,生活用品,276,3,828
K001484,2024-09-10,,法人,Stationery,1123,1,1123
K001485,2024-06-15,,法人,OA 用品,326円,1,326
K001486,2024-02-28,C0355,個人,OA 用品,480円,3,1440
K001487,2024-01-12,,個人,OA用品,¥419,2,838
K001488,2024-08-12,C0085,個人,OA用品,¥380,3,1140
K001489,R6.11.10,C0398,個人,Stationery,823円,2,1646
K001490,2024-06-30,C0213,法人,文具,"¥1,183",2,2366
K001491,2024-01-16,C0018,法人,文具,¥388,5,1940
K001492,2024/08/15,C0325,個人,OA 用品,¥831,2,1662
K001493,2024-07-28,C0058,個人,ＯＡ用品,813,7,5691
K001494,2024/11/15,C0293,個人,食品飲料,¥662,4,2648
K001495,2024-11-14,C0362,法人,Stationery,916円,2,1832
K001496,2024-01-16,C0355,法人,ＯＡ用品,698円,5,3490
K001497,R6.10.21,C0269,法人,生活 用品,696,5,3480
K001498,2024-07-22,C0104,個人,生活用品,¥460,3,1380
K001499,R6.11.23,C0200,法人,ぶんぐ,526,1,526
K001500,2024/04/19,C0280,法人,ｵﾌｨｽ家具,1345,3,4035
K001501,R6.5.4,,,ぶんぐ,1415円,3,4245
K001502,2024/12/01,C0028,法人,食品・飲料,2012円,3,6036
K001503,2024/09/21,C0061,法人,Stationery,1078円,5,5390
K001504,R6.8.23,C0104,,ＯＡ用品,631,1,631
K001505,2024-02-18,C0241,法人,ＯＡ用品,¥900,2,1800
K001506,R6.6.19,C0361,個人,OA 用品,672円,3,2016
K001507,2024-06-06,C0347,個人,Stationery,¥687,4,2748
K001508,2024/05/17,C0185,法人,OA 用品,1552円,8,12416
K001509,2024/11/20,,法人,文具,¥691,3,2073
K001510,2024-01-22,C0008,個人,ｵﾌｨｽ家具,911,5,4555
K001511,2024/04/06,C0343,個人,OA用品,1029,2,2058
K001512,2024/12/26,C0187,法人,ＯＡ用品,1142円,2,2284
K001513,2024/07/12,C0398,法人,ＯＡ用品,¥917,6,5502
K001514,2024-03-03,C0085,法人,ｵﾌｨｽ家具,¥405,8,3240
K001515,2024-10-27,,法人,食品飲料,933円,4,3732
K001516,2024-09-26,C0059,個人,OA 用品,¥529,3,1587
K001517,2024/02/08,C0385,法人,ＯＡ用品,508円,5,2540
K001518,2024-12-18,C0324,法人,ｵﾌｨｽ家具,¥919,3,2757
K001519,2024/11/06,C0049,法人,ＯＡ用品,"¥1,389",4,5556
K001520,2024-11-06,C0096,個人,ＯＡ用品,"¥12,000",8,96000
K001521,2024/07/22,,法人,文具,341,3,1023
K001522,2024-11-25,C0245,法人,ＯＡ用品,541,5,2705
K001523,2024-12-02,C0018,個人,ぶんぐ,¥977,5,4885
K001524,2024-12-31,C0231,法人,ｵﾌｨｽ家具,900,3,2700
K001525,2024-01-07,C0155,法人,生活用品,350円,6,2100
K001526,2024-01-15,C0183,法人,生活用品,¥741,2,1482
K001527,2024-07-28,C0289,個人,生活用品,610,2,1220
K001528,2024-11-22,C0373,法人,ぶんぐ,1188円,2,2376
K001529,R6.11.7,C0143,個人,文具,"¥1,111",3,3333
K001530,2024/01/15,C0347,法人,Stationery,¥770,4,3080
K001531,2024-12-09,C0259,個人,ＯＡ用品,¥555,5,2775
K001532,2024-06-19,C0375,法人,ぶんぐ,¥557,5,2785
K001533,2024/01/13,C0038,法人,Stationery,485,4,1940
K001534,2024/04/09,C0154,法人,食品・飲料,¥573,5,2865
K001535,2024-01-24,C0362,法人,OA 用品,"¥1,062",2,2124
K001536,2024/09/29,C0062,個人,文具,1498,6,8988
K001537,2024/06/26,C0248,法人,OA用品,"¥1,160",2,2320
K001538,2024-11-12,C0281,法人,ｵﾌｨｽ家具,1551円,3,4653
K001539,R6.7.30,C0356,法人,OA用品,¥594,4,2376
K001540,2024/12/05,C0376,法人,Stationery,659円,5,3295
K001541,R6.2.5,C0396,法人,ＯＡ用品,¥820,1,820
K001542,R6.12.31,C0016,法人,文具,"¥1,622",1,1622
K001543,2024-11-17,C0066,法人,生活 用品,1515,2,3030
K001544,2024/11/23,C0174,個人,食品・飲料,516,2,1032
K001545,2024/10/12,C0284,法人,文具,"¥1,448",3,4344
K001546,R6.9.29,C0118,法人,OA用品,1991,4,7964
K001547,2024/04/04,C0077,,生活用品,981円,5,4905
K001548,2024-02-18,C0049,個人,オフィス家具,¥894,4,3576
K001549,2024/02/21,C0121,法人,文具,612,3,1836
K001550,R6.4.27,,個人,ぶんぐ,¥602,4,2408
K001551,2024-09-21,C0335,法人,OA 用品,551円,2,1102
K001552,R6.1.28,C0047,法人,文具,¥703,2,1406
K001553,2024-03-29,C0120,法人,生活 用品,¥827,2,1654
K001554,2024/10/15,C0130,個人,OA 用品,1493,1,1493
K001555,2024-08-03,C0251,法人,Stationery,¥282,2,564
K001556,2024/05/21,C0156,個人,生活用品,1036,3,3108
K001557,2024-10-11,C0290,法人,文具,830,1,830
K001558,2024-09-15,C0181,法人,ＯＡ用品,515円,3,1545
K001559,2024-07-22,C0163,法人,ＯＡ用品,¥896,3,2688
K001560,2024/06/14,C0221,,Stationery,816,2,1632
K001561,2024/11/12,C0066,法人,生活用品,834,3,2502
K001562,2024-06-05,C0380,個人,オフィス家具,879,2,1758
K001563,2024-09-28,,法人,ぶんぐ,358円,3,1074
K001564,2024-10-07,C0043,個人,OA 用品,796円,1,796
K001565,2024-05-20,C0039,法人,Stationery,1107円,4,4428
K001566,R6.12.13,C0118,法人,食品・飲料,¥549,3,1647
K001567,2024/11/21,C0097,法人,オフィス家具,¥352,4,1408
K001568,R6.1.10,C0137,法人,食品・飲料,"¥1,031",4,4124
K001569,2024-08-12,C0385,個人,生活 用品,633円,9,5697
K001570,2024/05/26,C0181,個人,生活用品,¥244,2,488
K001571,2024-03-16,C0327,法人,ぶんぐ,"¥1,664",4,6656
K001572,2024-12-06,C0238,法人,生活用品,637円,4,2548
K001573,2024/05/19,C0088,法人,Stationery,617,2,1234
K001574,2024/02/14,C0186,法人,生活 用品,1391円,3,4173
K001575,R6.5.3,C0136,法人,オフィス家具,377円,3,1131
K001576,2024-11-30,C0238,個人,ＯＡ用品,¥855,9,7695
K001577,2024/07/22,C0111,法人,ぶんぐ,¥420,2,840
K001578,2024-03-15,C0224,法人,OA 用品,640,4,2560
K001579,2024-09-30,C0055,法人,オフィス家具,919,5,4595
K001580,2024-01-07,C0355,個人,オフィス家具,¥623,6,3738
K001581,2024-04-25,C0112,個人,Stationery,"¥1,194",3,3582
K001582,2024-07-05,C0392,個人,Stationery,1021,4,4084
K001583,R6.3.18,C0160,個人,OA用品,480円,5,2400
K001584,2024/03/09,C0099,個人,生活 用品,¥584,5,2920
K001585,R6.7.12,C0400,個人,Stationery,1146,5,5730
K001586,R6.3.14,C0041,個人,食品飲料,611円,3,1833
K001587,R6.2.1,C0143,個人,食品・飲料,339,2,678
K001588,2024/03/19,C0279,法人,ぶんぐ,"¥1,595",8,12760
K001589,2024-11-13,C0315,個人,生活用品,¥369,2,738
K001590,2024/03/26,,法人,ＯＡ用品,¥702,4,2808
K001591,R6.7.20,C0392,法人,Stationery,1163円,4,4652
K001592,2024-01-21,C0098,個人,ぶんぐ,817,2,1634
K001593,2024-01-21,C0246,個人,OA 用品,¥231,5,1155
K001594,2024-01-05,C0296,法人,Stationery,¥896,3,2688
K001595,2024/09/08,C0361,法人,ｵﾌｨｽ家具,581円,4,2324
K001596,2024-07-31,C0254,法人,ＯＡ用品,769円,2,1538
K001597,2024-08-18,C0138,個人,ＯＡ用品,¥855,2,1710
K001598,2024-11-25,C0106,,生活用品,365円,3,1095
K001599,R6.9.4,C0215,法人,食品・飲料,"¥2,104",3,6312
K001600,R6.4.8,,個人,ＯＡ用品,964,3,2892
K001601,2024-04-21,,個人,文具,¥624,4,2496
K001602,2024/05/03,C0205,法人,OA用品,¥222,3,666
K001603,2024-08-04,C0084,個人,ＯＡ用品,476,3,1428
K001604,2024-06-08,C0236,個人,食品飲料,"¥1,659",3,4977
K001605,2024-02-16,C0023,法人,文具,¥741,2,1482
K001606,2024-12-20,C0103,法人,文具,487円,3,1461
K001607,R6.1.26,C0025,法人,Stationery,¥541,2,1082
K001608,2024-04-05,C0161,法人,Stationery,2236,5,11180
K001609,2024-03-02,C0062,個人,Stationery,582円,3,1746
K001610,2024/10/15,C0199,,食品飲料,608円,3,1824
K001611,2024-09-20,C0105,個人,オフィス家具,767,3,2301
K001612,2024-09-30,C0243,法人,OA 用品,¥624,3,1872
K001613,2024-09-07,C0283,法人,食品・飲料,701円,3,2103
K001614,2024-07-10,C0347,法人,ｵﾌｨｽ家具,279,6,1674
K001615,R6.3.1,C0070,個人,オフィス家具,1211円,6,7266
K001616,2024/11/12,C0023,個人,文具,486円,3,1458
K001617,2024/10/18,C0365,個人,Stationery,"¥2,172",6,13032
K001618,2024/04/29,C0063,法人,オフィス家具,930円,4,3720
K001619,2024-10-13,C0240,法人,生活 用品,"¥1,640",6,9840
K001620,2024/04/29,C0325,法人,Stationery,"¥1,374",3,4122
K001621,2024-06-12,,法人,OA用品,413,5,2065
K001622,R6.5.6,,法人,Stationery,"¥1,102",1,1102
K001623,2024/11/28,C0170,法人,Stationery,¥630,2,1260
K001624,2024-12-26,C0058,個人,OA用品,"¥1,010",3,3030
K001625,2024/01/01,C0327,法人,食品飲料,878,2,1756
K001626,2024-02-25,C0056,,食品・飲料,609円,3,1827
K001627,2024/07/20,C0161,,OA用品,"¥1,577",2,3154
K001628,R6.5.3,,法人,文具,¥620,4,2480
K001629,R6.7.7,C0352,法人,文具,¥607,5,3035
K001630,2024-02-04,C0314,法人,オフィス家具,383,6,2298
K001631,R6.12.18,C0025,法人,食品・飲料,653,6,3918
K001632,2024-03-23,C0344,法人,Stationery,¥967,5,4835
K001633,R6.10.11,C0308,法人,生活用品,718円,3,2154
K001634,2024-05-16,C0103,個人,生活 用品,1021,4,4084
K001635,R6.11.24,C0365,法人,ぶんぐ,535,5,2675
K001636,2024/09/17,C0122,法人,食品飲料,¥480,5,2400
K001637,R6.1.20,C0093,個人,ＯＡ用品,¥519,4,2076
K001638,2024-09-15,C0170,,生活用品,927,3,2781
K001639,2024/05/06,C0328,法人,オフィス家具,1423,3,4269
K001640,2024-02-26,C0129,法人,オフィス家具,1450円,5,7250
K001641,2024-05-12,C0211,法人,生活用品,"¥1,950",3,5850
K001642,2024-01-13,C0397,個人,生活用品,187,2,374
K001643,2024-06-16,C0225,個人,OA用品,"¥1,718",5,8590
K001644,2024-09-22,C0096,法人,OA用品,574円,4,2296
K001645,2024-07-02,C0334,個人,食品飲料,1144円,3,3432
K001646,2024/11/08,C0100,法人,ぶんぐ,534円,6,3204
K001647,2024-03-31,C0109,個人,OA 用品,1640,3,4920
K001648,2024/06/15,C0252,法人,Stationery,745,3,2235
K001649,R6.5.2,C0274,個人,文具,953,4,3812
K001650,R6.3.27,C0025,個人,ＯＡ用品,646,4,2584
K001651,2024/03/30,C0359,個人,Stationery,¥679,2,1358
K001652,2024-12-30,C0162,個人,OA用品,271円,4,1084
K001653,2024/01/08,C0219,法人,OA 用品,742,4,2968
K001654,2024/02/08,C0166,法人,OA用品,889円,3,2667
K001655,2024/12/08,C0174,法人,生活用品,386,3,1158
K001656,2024-04-01,C0112,法人,OA用品,502円,7,3514
K001657,2024-09-28,C0350,法人,ぶんぐ,"¥1,294",5,6470
K001658,2024-04-20,C0129,個人,生活 用品,1331円,3,3993
K001659,2024/01/26,C0172,法人,ＯＡ用品,¥360,3,1080
K001660,2024-10-07,C0347,個人,OA用品,607,5,3035
K001661,2024/02/07,C0285,個人,文具,1512円,3,4536
K001662,2024-03-24,C0066,法人,食品・飲料,978,7,6846
K001663,2024-12-27,C0273,法人,文具,917円,5,4585
K001664,2024/07/05,,個人,OA 用品,"¥1,268",4,5072
K001665,2024/05/07,,個人,OA 用品,890円,4,3560
K001666,2024-05-21,C0048,法人,食品飲料,976円,3,2928
K001667,2024-09-18,C0261,個人,ぶんぐ,405,2,810
K001668,2024/04/26,C0090,法人,Stationery,¥788,3,2364
K001669,2024/06/17,C0283,法人,ｵﾌｨｽ家具,997円,2,1994
K001670,2024-10-19,C0035,法人,食品飲料,629,3,1887
K001671,2024/08/10,C0383,法人,ＯＡ用品,1238円,3,3714
K001672,2024-09-03,C0048,個人,食品飲料,1009円,2,2018
K001673,2024-04-09,C0028,法人,ぶんぐ,"¥1,609",8,12872
K001674,2024-02-08,C0027,個人,生活 用品,803,2,1606
K001675,R6.12.9,C0210,個人,文具,¥383,3,1149
K001676,2024-03-09,,法人,オフィス家具,¥889,2,1778
K001677,2024-05-25,C0204,法人,生活用品,619円,6,3714
K001678,2024-07-29,C0247,個人,ぶんぐ,460,8,3680
K001679,2024/04/25,C0076,個人,生活 用品,506円,4,2024
K001680,2024/11/26,C0149,法人,OA 用品,¥716,4,2864
K001681,2024-01-13,C0244,個人,ぶんぐ,1303円,1,1303
K001682,2024-07-01,,法人,Stationery,1111円,3,3333
K001683,2024/07/01,C0141,法人,ｵﾌｨｽ家具,¥377,4,1508
K001684,2024/06/10,C0196,個人,OA用品,688,3,2064
K001685,2024-01-20,C0146,個人,OA 用品,"¥1,028",4,4112
K001686,2024/12/24,C0193,法人,文具,865円,2,1730
K001687,2024-05-27,C0108,法人,ぶんぐ,1225円,2,2450
K001688,2024-02-26,C0149,法人,ぶんぐ,"¥1,261",4,5044
K001689,R6.8.18,,個人,オフィス家具,703,4,2812
K001690,2024/10/13,C0252,法人,ぶんぐ,446円,2,892
K001691,2024-10-05,C0232,法人,文具,¥869,5,4345
K001692,2024-02-16,C0293,個人,OA用品,805円,4,3220
K001693,2024/10/02,C0350,法人,Stationery,¥699,3,2097
K001694,R6.12.31,C0089,法人,ＯＡ用品,"¥1,160",7,8120
K001695,2024-10-14,C0224,法人,OA 用品,733,2,1466
K001696,2024/02/05,C0058,法人,生活用品,"¥1,426",3,4278
K001697,2024-04-22,C0379,法人,ＯＡ用品,"¥1,784",2,3568
K001698,R6.1.14,,法人,文具,1090,3,3270
K001699,2024-12-03,,法人,食品飲料,1320,6,7920
K001700,2024/05/03,C0249,法人,文具,698円,3,2094
K001701,2024/08/11,C0397,個人,ｵﾌｨｽ家具,740,1,740
K001702,R6.3.16,C0371,個人,ｵﾌｨｽ家具,¥644,2,1288
K001703,R6.9.20,C0214,法人,OA用品,264,2,528
K001704,2024/09/28,C0051,法人,生活用品,275円,4,1100
K001705,2024/08/20,C0323,個人,生活用品,363円,2,726
K001706,R6.10.12,C0270,,OA 用品,498,5,2490
K001707,2024-07-26,C0199,個人,文具,812円,3,2436
K001708,R6.1.18,C0200,個人,ぶんぐ,"¥1,028",3,3084
K001709,2024/05/12,,法人,生活 用品,¥746,6,4476
K001710,2024/06/08,C0155,法人,食品飲料,526,3,1578
K001711,2024-02-22,C0134,法人,文具,1055円,6,6330
K001712,2024/07/25,C0207,個人,ぶんぐ,919,5,4595
K001713,2024-06-11,C0071,個人,オフィス家具,695,1,695
K001714,2024-02-21,C0026,法人,生活用品,¥374,3,1122
K001715,R6.5.29,C0330,個人,生活用品,¥581,3,1743
K001716,2024-11-27,C0111,個人,生活用品,"¥1,709",5,8545
K001717,2024-09-13,C0325,法人,オフィス家具,¥822,4,3288
K001718,2024/07/01,,法人,オフィス家具,"¥1,485",3,4455
K001719,2024/01/21,C0176,法人,文具,587円,3,1761
K001720,2024-05-29,C0184,個人,OA用品,¥549,3,1647
K001721,2024-01-14,C0355,個人,ｵﾌｨｽ家具,1181,2,2362
K001722,2024/05/16,C0344,法人,文具,¥816,4,3264
K001723,R6.3.24,,個人,文具,¥793,1,793
K001724,2024-12-01,C0245,法人,ＯＡ用品,673,5,3365
K001725,2024-09-30,,個人,ＯＡ用品,812,1,812
K001726,2024/12/03,C0003,個人,文具,320,4,1280
K001727,2024-03-03,C0344,,生活 用品,1683,3,5049
K001728,2024-08-03,,個人,オフィス家具,895,4,3580
K001729,R6.3.26,C0330,個人,文具,875円,3,2625
K001730,2024-07-16,,個人,ぶんぐ,1029円,4,4116
K001731,2024-08-27,C0088,個人,Stationery,377,4,1508
K001732,2024-06-14,C0209,法人,OA用品,804円,5,4020
K001733,2024-02-20,C0001,個人,食品飲料,"¥1,020",3,3060
K001734,R6.5.8,C0189,個人,OA 用品,¥798,5,3990
K001735,2024-12-29,,,食品飲料,¥587,3,1761
K001736,2024-01-13,C0143,個人,文具,¥743,5,3715
K001737,2024-09-16,C0361,個人,文具,¥880,1,880
K001738,2024/06/06,C0005,法人,OA 用品,¥557,2,1114
K001739,R6.10.5,C0074,法人,文具,"¥1,077",4,4308
K001740,R6.8.25,C0086,個人,Stationery,"¥1,761",2,3522
K001741,2024-01-13,C0267,法人,ｵﾌｨｽ家具,1210円,6,7260
K001742,2024-09-27,C0168,個人,ＯＡ用品,¥841,6,5046
K001743,2024/02/28,C0043,法人,オフィス家具,931,4,3724
K001744,R6.12.11,C0381,個人,文具,930,3,2790
K001745,2024-07-11,C0079,法人,Stationery,376円,5,1880
K001746,2024/06/16,C0315,法人,食品飲料,"¥1,357",3,4071
K001747,R6.11.9,C0343,個人,OA 用品,1180円,2,2360
K001748,2024/03/15,C0310,法人,Stationery,263円,3,789
K001749,2024-04-24,C0354,個人,ＯＡ用品,¥731,2,1462
K001750,R6.6.22,C0330,法人,Stationery,1099,5,5495
K001751,2024-03-13,C0253,個人,文具,"¥1,092",5,5460
K001752,2024-09-16,C0076,法人,OA用品,¥861,4,3444
K001753,R6.11.13,C0013,法人,Stationery,764,4,3056
K001754,R6.1.19,C0342,法人,ぶんぐ,521円,3,1563
K001755,2024/03/09,C0108,法人,Stationery,516円,3,1548
K001756,2024/02/17,C0028,個人,文具,351,4,1404
K001757,2024/02/11,C0377,法人,OA用品,1330,3,3990
K001758,2024-11-16,C0346,法人,文具,¥753,4,3012
K001759,2024-08-30,C0183,法人,ぶんぐ,860,2,1720
K001760,2024-07-12,C0332,個人,OA用品,264円,3,792
K001761,2024/09/05,C0085,個人,ぶんぐ,390,4,1560
K001762,2024/03/10,C0142,法人,ぶんぐ,558,3,1674
K001763,R6.1.7,C0059,個人,文具,¥191,6,1146
K001764,2024/05/22,C0132,法人,食品・飲料,¥587,2,1174
K001765,R6.11.30,,法人,OA 用品,361,4,1444
K001766,R6.11.5,C0264,法人,OA用品,"¥1,506",4,6024
K001767,2024-08-29,C0333,法人,生活 用品,¥740,4,2960
K001768,2024/10/16,C0141,個人,生活 用品,"¥1,072",5,5360
K001769,2024-02-13,C0167,個人,オフィス家具,754,3,2262
K001770,2024/07/29,C0313,個人,食品飲料,¥495,3,1485
K001771,2024-11-27,C0376,法人,OA 用品,984円,5,4920
K001772,2024-03-21,C0140,法人,ぶんぐ,481,6,2886
K001773,2024/05/14,,法人,ｵﾌｨｽ家具,913円,2,1826
K001774,2024/12/31,C0051,,OA用品,¥805,1,805
K001775,R6.2.26,C0341,個人,生活 用品,541,4,2164
K001776,2024-11-24,C0380,個人,ぶんぐ,282,4,1128
K001777,2024/11/11,C0168,法人,ｵﾌｨｽ家具,"¥1,006",3,3018
K001778,2024-07-25,C0396,法人,Stationery,527,2,1054
K001779,2024-10-31,C0087,法人,ＯＡ用品,"¥1,512",2,3024
K001780,2024/07/10,C0321,個人,OA用品,913円,3,2739
K001781,R6.2.25,C0004,,ぶんぐ,1248,5,6240
K001782,2024-02-05,C0216,法人,生活 用品,260,3,780
K001783,R6.7.27,C0044,個人,生活 用品,¥347,6,2082
K001784,2024/09/26,C0334,個人,Stationery,428,4,1712
K001785,R6.9.1,C0026,法人,生活用品,"¥1,289",3,3867
K001786,2024-11-10,C0263,個人,食品飲料,392円,2,784
K001787,2024-08-18,C0262,個人,OA 用品,914,2,1828
K001788,2024-07-15,C0279,法人,ＯＡ用品,501円,4,2004
K001789,2024-02-24,C0066,個人,オフィス家具,479円,1,479
K001790,2024/08/08,C0166,個人,OA用品,1336円,3,4008
K001791,2024-08-04,C0004,個人,OA用品,553円,4,2212
K001792,R6.12.7,C0221,個人,オフィス家具,¥739,4,2956
K001793,R6.11.21,C0257,個人,ぶんぐ,"¥1,190",3,3570
K001794,R6.8.21,C0114,個人,ｵﾌｨｽ家具,333,4,1332
K001795,R6.12.11,C0287,法人,OA 用品,"¥1,046",3,3138
K001796,2024/06/30,C0204,個人,ＯＡ用品,¥842,3,2526
K001797,2024/09/20,C0004,,文具,1271円,4,5084
K001798,2024-12-24,C0232,法人,生活用品,894円,3,2682
K001799,2024-12-28,C0388,個人,文具,"¥2,029",3,6087
K001800,2024/04/18,C0181,個人,OA用品,507,3,1521
K001801,2024/07/03,C0276,法人,OA用品,¥759,6,4554
K001802,2024/03/04,C0304,個人,文具,450,7,3150
K001803,2024-02-19,,法人,生活用品,235円,4,940
K001804,R6.6.16,,法人,OA用品,¥600,1,600
K001805,2024/08/07,C0258,個人,ぶんぐ,¥449,4,1796
K001806,R6.12.1,C0311,個人,生活 用品,609円,5,3045
K001807,2024-01-30,C0234,法人,生活 用品,735円,2,1470
K001808,2024-12-28,C0297,法人,食品・飲料,603円,4,2412
K001809,2024/02/10,C0173,法人,オフィス家具,"¥1,088",2,2176
K001810,2024-10-27,C0373,個人,ＯＡ用品,772円,7,5404
K001811,R6.6.23,C0293,法人,生活用品,"¥1,051",4,4204
K001812,2024-02-03,C0356,個人,OA 用品,1258,5,6290
K001813,2024-01-25,C0175,個人,OA用品,1333円,7,9331
K001814,2024-02-20,,法人,OA用品,¥955,5,4775
K001815,2024/05/28,C0040,法人,Stationery,¥515,5,2575
K001816,2024/03/26,C0393,個人,食品・飲料,1286円,2,2572
K001817,2024-08-05,C0028,法人,ＯＡ用品,1046,2,2092
K001818,2024/03/29,,個人,OA用品,644円,3,1932
K001819,2024/03/04,C0037,法人,ＯＡ用品,710円,3,2130
K001820,2024/04/02,,,文具,533円,4,2132
K001821,2024-04-30,C0301,,ぶんぐ,¥546,1,546
K001822,2024-09-10,C0113,個人,食品・飲料,¥570,2,1140
K001823,2024-06-16,C0065,法人,生活 用品,¥871,2,1742
K001824,R6.9.13,C0172,法人,OA 用品,1211,3,3633
K001825,R6.3.17,C0331,法人,OA 用品,329,2,658
K001826,2024-10-31,C0082,法人,生活 用品,¥503,6,3018
K001827,R6.8.28,C0161,,OA用品,¥854,3,2562
K001828,2024/08/31,C0380,個人,Stationery,439,6,2634
K001829,2024-11-13,C0375,,OA用品,¥913,2,1826
K001830,2024-09-14,C0120,法人,ＯＡ用品,¥883,7,6181
K001831,2024-08-12,C0149,法人,生活 用品,466,4,1864
K001832,2024-12-24,C0085,法人,食品飲料,671円,3,2013
K001833,2024/01/22,C0283,法人,生活用品,¥409,3,1227
K001834,2024-07-03,C0239,法人,ｵﾌｨｽ家具,"¥1,364",1,1364
K001835,2024-01-11,C0095,法人,OA 用品,235円,4,940
K001836,2024-01-30,C0111,法人,ぶんぐ,1480円,2,2960
K001837,R6.6.21,C0400,法人,食品・飲料,1548,5,7740
K001838,2024-01-19,C0128,個人,生活用品,¥671,2,1342
K001839,2024/04/07,C0313,個人,OA用品,1518,2,3036
K001840,2024-11-24,C0381,法人,生活用品,¥345,5,1725
K001841,2024/05/22,,法人,食品・飲料,¥514,2,1028
K001842,2024-10-08,C0298,個人,文具,2015,2,4030
K001843,R6.1.13,C0213,個人,ＯＡ用品,¥569,5,2845
K001844,2024/09/25,C0294,個人,食品飲料,766円,2,1532
K001845,2024-01-31,C0086,個人,ぶんぐ,604,3,1812
K001846,2024-06-28,,法人,文具,¥447,3,1341
K001847,2024-09-17,C0248,個人,食品・飲料,651円,6,3906
K001848,2024-08-19,C0363,個人,生活 用品,937,3,2811
K001849,R6.11.30,C0263,法人,ぶんぐ,¥504,4,2016
K001850,2024-09-29,,法人,ＯＡ用品,¥797,8,6376
K001851,2024-06-08,C0095,個人,オフィス家具,786,2,1572
K001852,2024-10-03,C0109,法人,生活用品,552円,4,2208
K001853,R6.10.29,,法人,オフィス家具,456円,2,912
K001854,R6.9.5,C0143,法人,OA用品,1856円,4,7424
K001855,2024-03-19,C0039,個人,ＯＡ用品,"¥1,087",4,4348
K001856,2024/11/01,C0279,法人,ｵﾌｨｽ家具,"¥1,428",6,8568
K001857,2024/12/15,C0221,法人,ぶんぐ,"¥1,093",3,3279
K001858,R6.5.7,C0252,個人,ぶんぐ,262円,4,1048
K001859,2024/10/13,C0238,個人,ぶんぐ,996,3,2988
K001860,2024-05-07,C0253,個人,食品・飲料,1598,6,9588
K001861,2024-06-26,,個人,OA用品,323円,8,2584
K001862,R6.2.2,C0247,法人,オフィス家具,"¥1,298",4,5192
K001863,R6.3.30,C0204,個人,食品飲料,319,5,1595
K001864,2024-06-20,C0024,個人,文具,515,2,1030
K001865,2024-08-20,,個人,文具,660円,6,3960
K001866,2024-08-17,C0335,個人,ぶんぐ,¥465,4,1860
K001867,2024-06-07,C0149,個人,食品・飲料,¥400,3,1200
K001868,2024-06-26,C0231,法人,生活 用品,522,3,1566
K001869,2024-08-06,,法人,Stationery,¥318,3,954
K001870,2024-11-23,C0345,法人,ぶんぐ,553円,7,3871
K001871,2024/06/17,,個人,文具,852円,3,2556
K001872,2024/08/29,C0306,法人,食品・飲料,403円,2,806
K001873,R6.8.23,C0103,法人,ＯＡ用品,¥738,3,2214
K001874,2024-05-18,C0338,法人,生活 用品,"¥12,000",8,96000
K001875,2024-02-17,,法人,生活 用品,438,3,1314
K001876,2024/08/11,C0212,法人,食品・飲料,1267円,2,2534
K001877,2024/04/24,C0356,個人,OA用品,421,4,1684
K001878,2024-11-25,C0227,法人,文具,685,2,1370
K001879,2024-11-29,C0281,個人,OA用品,¥402,6,2412
K001880,2024-11-11,C0240,個人,食品飲料,887円,2,1774
K001881,2024-03-17,C0015,法人,食品・飲料,375円,5,1875
K001882,R6.8.1,,個人,OA用品,843,6,5058
K001883,2024-01-19,C0094,法人,OA用品,"¥1,146",5,5730
K001884,2024-05-20,C0125,個人,生活用品,575,2,1150
K001885,2024/03/01,C0249,法人,OA用品,¥680,3,2040
K001886,2024-11-10,C0182,,ぶんぐ,¥641,5,3205
K001887,R6.7.20,C0270,法人,Stationery,484,1,484
K001888,2024-11-29,C0153,個人,OA用品,502円,4,2008
K001889,2024-01-13,C0124,個人,Stationery,1258円,3,3774
K001890,R6.6.20,C0027,個人,生活用品,627円,2,1254
K001891,2024-12-23,C0375,法人,オフィス家具,¥984,2,1968
K001892,2024-06-08,C0161,個人,食品飲料,834円,6,5004
K001893,2024-05-23,C0128,法人,生活 用品,"¥1,712",6,10272
K001894,R6.10.10,,個人,OA用品,¥708,3,2124
K001895,2024-03-26,C0372,法人,ぶんぐ,¥382,3,1146
K001896,2024/01/23,C0348,法人,ぶんぐ,1183,4,4732
K001897,2024-06-05,C0259,個人,生活用品,693,3,2079
K001898,2024-06-25,C0160,個人,ｵﾌｨｽ家具,¥229,2,458
K001899,2024-10-06,C0194,個人,Stationery,465円,5,2325
K001900,2024/09/06,C0040,法人,OA 用品,472円,3,1416
K001901,R6.11.10,C0166,法人,生活用品,¥624,2,1248
K001902,2024/06/24,C0336,法人,生活 用品,805,3,2415
K001903,2024-01-06,C0181,個人,生活 用品,364円,3,1092
K001904,2024/01/29,C0058,法人,食品飲料,372円,4,1488
K001905,2024-05-22,,法人,OA用品,1323,5,6615
K001906,2024-02-09,C0002,法人,ｵﾌｨｽ家具,1545円,5,7725
K001907,2024-05-07,C0363,個人,文具,390,4,1560
K001908,2024-03-30,C0298,法人,ｵﾌｨｽ家具,822円,4,3288
K001909,2024-12-22,C0377,個人,OA 用品,1111,3,3333
K001910,2024-10-25,C0328,個人,文具,¥463,4,1852
K001911,R6.11.25,C0105,個人,文具,¥987,2,1974
K001912,2024-10-23,C0397,個人,オフィス家具,¥852,3,2556
K001913,2024-03-01,C0099,法人,文具,1557,5,7785
K001914,2024-08-17,C0156,法人,ＯＡ用品,582円,3,1746
K001915,2024-04-12,C0391,法人,ＯＡ用品,383,4,1532
K001916,2024-02-10,,法人,生活 用品,"¥1,192",7,8344
K001917,2024-08-09,C0068,法人,文具,1213,3,3639
K001918,2024-02-24,C0292,法人,ぶんぐ,576,3,1728
K001919,2024/08/04,C0076,法人,ぶんぐ,1201,3,3603
K001920,2024-06-17,C0352,法人,生活用品,"¥1,045",1,1045
K001921,2024/11/02,C0083,個人,ぶんぐ,¥744,4,2976
K001922,2024-01-29,C0200,個人,OA用品,"¥1,110",5,5550
K001923,2024/12/18,C0315,法人,OA 用品,1092円,9,9828
K001924,2024-08-04,C0364,法人,OA用品,321円,4,1284
K001925,2024/03/26,C0279,個人,ＯＡ用品,¥485,8,3880
K001926,2024-08-11,C0391,法人,OA 用品,830,7,5810
K001927,2024/08/29,C0237,法人,ぶんぐ,829,3,2487
K001928,R6.7.23,C0229,個人,ぶんぐ,¥664,5,3320
K001929,2024/08/16,C0038,法人,OA用品,812円,2,1624
K001930,2024-04-07,C0266,個人,文具,2144,6,12864
K001931,2024-10-21,C0359,個人,OA用品,1834,3,5502
K001932,2024-05-23,C0028,法人,文具,¥954,3,2862
K001933,2024/06/06,C0120,個人,Stationery,¥934,3,2802
K001934,2024-01-26,C0268,法人,ぶんぐ,688,4,2752
K001935,2024-11-03,,法人,文具,629円,4,2516
K001936,R6.11.9,C0243,法人,オフィス家具,¥592,2,1184
K001937,2024-10-09,,法人,生活用品,¥373,4,1492
K001938,2024/11/11,,個人,OA用品,825円,6,4950
K001939,2024-04-03,C0228,個人,文具,1101円,6,6606
K001940,R6.10.3,C0075,法人,ＯＡ用品,499,4,1996
K001941,2024/08/26,C0005,個人,食品飲料,704円,5,3520
K001942,2024/11/16,C0048,個人,ぶんぐ,1129円,3,3387
K001943,R6.10.22,C0211,個人,OA 用品,503円,4,2012
K001944,R6.1.15,C0088,,Stationery,717円,3,2151
K001945,2024-03-15,C0062,法人,OA用品,886,6,5316
K001946,2024-04-26,C0128,法人,Stationery,1517,3,4551
K001947,2024-08-20,C0173,個人,食品・飲料,593円,5,2965
K001948,2024-08-26,C0234,,ＯＡ用品,¥771,2,1542
K001949,2024-02-25,C0165,,ｵﾌｨｽ家具,"¥1,164",2,2328
K001950,2024-08-24,C0042,個人,Stationery,693,5,3465
K001951,R6.1.8,C0006,個人,文具,872円,2,1744
K001952,R6.6.30,C0237,法人,文具,"¥1,183",3,3549
K001953,2024-08-18,C0114,個人,生活用品,437円,5,2185
K001954,2024/07/21,C0397,法人,文具,268,2,536
K001955,2024/09/20,,法人,Stationery,¥389,2,778
K001956,2024-08-16,C0191,個人,OA用品,790,2,1580
K001957,R6.11.7,C0009,個人,Stationery,"¥1,244",4,4976
K001958,2024/05/15,C0373,法人,Stationery,1457円,2,2914
K001959,2024-07-31,C0374,個人,Stationery,2009,1,2009
K001960,2024-06-24,C0039,法人,食品・飲料,"¥1,064",5,5320
K001961,2024-03-26,C0236,個人,生活用品,¥697,6,4182
K001962,R6.1.1,C0185,個人,Stationery,912,1,912
K001963,2024/09/01,C0267,法人,生活 用品,"¥2,051",4,8204
K001964,2024-03-13,C0256,法人,文具,¥374,3,1122
K001965,2024-10-12,C0282,法人,OA用品,¥727,2,1454
K001966,2024-10-06,C0070,個人,生活用品,821,3,2463
K001967,2024-11-12,C0323,個人,Stationery,1162円,1,1162
K001968,2024-07-07,C0146,法人,Stationery,¥478,3,1434
K001969,R6.10.11,C0215,個人,生活 用品,697,5,3485
K001970,2024-10-14,C0298,法人,オフィス家具,599円,7,4193
K001971,2024-10-12,C0185,法人,食品飲料,939円,5,4695
K001972,2024-05-14,C0322,法人,ぶんぐ,628円,3,1884
K001973,R6.9.20,,個人,ぶんぐ,786,2,1572
K001974,2024-06-01,C0391,法人,Stationery,1065円,3,3195
K001975,2024-05-19,C0369,法人,Stationery,"¥1,407",4,5628
K001976,2024/06/15,C0124,個人,Stationery,1974,4,7896
K001977,R6.4.26,C0088,,オフィス家具,774円,2,1548
K001978,2024-12-05,,個人,ぶんぐ,708,4,2832
K001979,2024-02-03,C0312,個人,OA用品,1341円,5,6705
K001980,R6.12.2,C0018,法人,ＯＡ用品,"¥1,452",3,4356
K001981,2024/09/04,C0090,個人,ぶんぐ,752円,3,2256
K001982,2024/12/08,,個人,オフィス家具,495円,3,1485
K001983,2024-07-15,C0263,個人,食品飲料,1638,1,1638
K001984,2024-12-12,C0297,法人,ＯＡ用品,1219円,2,2438
K001985,2024-10-24,C0234,個人,OA 用品,¥239,2,478
K001986,2024-07-01,C0216,法人,ＯＡ用品,440,4,1760
K001987,2024-01-28,C0373,個人,食品・飲料,1402円,3,4206
K001988,2024-09-20,C0125,個人,生活用品,1039,2,2078
K001989,2024-10-30,C0063,法人,食品飲料,"¥1,164",3,3492
K001990,2024-12-24,C0242,法人,ＯＡ用品,403,5,2015
K001991,2024-03-03,C0076,個人,ぶんぐ,413,3,1239
K001992,R6.11.3,C0063,個人,文具,695円,8,5560
K001993,2024-10-29,C0083,個人,ぶんぐ,775,5,3875
K001994,2024-08-06,C0253,個人,食品飲料,"¥2,597",3,7791
K001995,R6.4.25,C0244,法人,ＯＡ用品,¥855,2,1710
K001996,R6.12.7,C0023,法人,OA用品,¥990,3,2970
K001997,2024-02-28,C0375,法人,Stationery,¥547,2,1094
K001998,2024-10-23,C0244,法人,食品・飲料,1073円,3,3219
K001999,2024-02-20,C0362,法人,Stationery,863,3,2589
K002000,2024-03-19,C0155,個人,オフィス家具,526円,3,1578
K000011,2024-07-02,C0175,法人,ｵﾌｨｽ家具,2134,6,12804
K000012,2024-09-14,C0346,個人,生活 用品,¥532,5,2660
K000013,2024-12-25,C0101,法人,OA 用品,¥667,4,2668
K000014,R6.9.13,C0259,法人,ぶんぐ,422円,1,422
K000015,2024/12/28,C0011,個人,ぶんぐ,455,4,1820
